grdb	idempotence	~/GitHub_projects/GRDB.swift/GRDB/QueryInterface/SQL/SQLExpression.swift:2126 jsonBuilderExpression()
grdb	inverse-pair	~/GitHub_projects/GRDB.swift/GRDB/QueryInterface/SQL/SQLCollection.swift:96 contains(_:) ; ~/GitHub_projects/GRDB.swift/GRDB/QueryInterface/SQL/SQLExpression.swift:2126 jsonBuilderExpression()
grdb	inverse-pair	~/GitHub_projects/GRDB.swift/GRDB/QueryInterface/SQL/SQLExpression.swift:1116 count(_:) ; ~/GitHub_projects/GRDB.swift/GRDB/QueryInterface/SQL/SQLExpression.swift:2126 jsonBuilderExpression()
grdb	inverse-pair	~/GitHub_projects/GRDB.swift/GRDB/QueryInterface/SQL/SQLExpression.swift:1123 countDistinct(_:) ; ~/GitHub_projects/GRDB.swift/GRDB/QueryInterface/SQL/SQLExpression.swift:2126 jsonBuilderExpression()
grdb	inverse-pair	~/GitHub_projects/GRDB.swift/GRDB/QueryInterface/SQL/SQLExpression.swift:881 not(_:) ; ~/GitHub_projects/GRDB.swift/GRDB/QueryInterface/SQL/SQLExpression.swift:2126 jsonBuilderExpression()
grdb	round-trip	~/GitHub_projects/GRDB.swift/GRDB/QueryInterface/SQL/SQLExpression.swift:1116 count(_:) ; ~/GitHub_projects/GRDB.swift/GRDB/QueryInterface/SQL/SQLExpression.swift:2126 jsonBuilderExpression()
grdb	round-trip	~/GitHub_projects/GRDB.swift/GRDB/QueryInterface/SQL/SQLExpression.swift:1123 countDistinct(_:) ; ~/GitHub_projects/GRDB.swift/GRDB/QueryInterface/SQL/SQLExpression.swift:2126 jsonBuilderExpression()
grdb	round-trip	~/GitHub_projects/GRDB.swift/GRDB/QueryInterface/SQL/SQLExpression.swift:881 not(_:) ; ~/GitHub_projects/GRDB.swift/GRDB/QueryInterface/SQL/SQLExpression.swift:2126 jsonBuilderExpression()
swift-collections	associativity	~/GitHub_projects/swift-collections/Sources/SortedCollections/SortedSet/SortedSet+SetAlgebra.swift:148 intersection(_:)
swift-collections	associativity	~/GitHub_projects/swift-collections/Sources/SortedCollections/SortedSet/SortedSet+SetAlgebra.swift:195 symmetricDifference(_:)
swift-collections	associativity	~/GitHub_projects/swift-collections/Sources/SortedCollections/SortedSet/SortedSet+SetAlgebra.swift:94 union(_:)
swift-collections	binary-idempotence	~/GitHub_projects/swift-collections/Sources/SortedCollections/SortedSet/SortedSet+SetAlgebra.swift:148 intersection(_:)
swift-collections	binary-idempotence	~/GitHub_projects/swift-collections/Sources/SortedCollections/SortedSet/SortedSet+SetAlgebra.swift:94 union(_:)
swift-collections	codable-round-trip	~/GitHub_projects/swift-collections/Sources/SortedCollections/SortedDictionary/SortedDictionary+Codable.swift:35 encode(to:)
swift-collections	codable-round-trip	~/GitHub_projects/swift-collections/Sources/SortedCollections/SortedSet/SortedSet+Codable.swift:22 encode(to:)
swift-collections	commutativity	~/GitHub_projects/swift-collections/Sources/SortedCollections/SortedSet/SortedSet+SetAlgebra.swift:148 intersection(_:)
swift-collections	commutativity	~/GitHub_projects/swift-collections/Sources/SortedCollections/SortedSet/SortedSet+SetAlgebra.swift:195 symmetricDifference(_:)
swift-collections	commutativity	~/GitHub_projects/swift-collections/Sources/SortedCollections/SortedSet/SortedSet+SetAlgebra.swift:94 union(_:)
swift-collections	ended-access-round-trip	~/GitHub_projects/swift-collections/Sources/SpanPreview/InputSpan.swift:379 prepend(_:) ; ~/GitHub_projects/swift-collections/Sources/SpanPreview/InputSpan.swift:422 popFirst()
swift-collections	equivalence-relation	~/GitHub_projects/swift-collections/Sources/ContainersPreview/Types/Shared.swift:151 isIdentical(to:)
swift-collections	functor-identity	~/GitHub_projects/swift-collections/Sources/SortedCollections/BTree/_BTree.swift:585 mapValues(_:)
swift-collections	functor-identity	~/GitHub_projects/swift-collections/Sources/SortedCollections/SortedDictionary/SortedDictionary.swift:190 mapValues(_:)
swift-collections	guard-domain	~/GitHub_projects/swift-collections/Sources/SortedCollections/SortedSet/SortedSet+SetAlgebra.swift:298 isSubset(of:)
swift-collections	guard-domain	~/GitHub_projects/swift-collections/Sources/SortedCollections/SortedSet/SortedSet+SetAlgebra.swift:340 isStrictSubset(of:)
swift-collections	idempotence	~/GitHub_projects/swift-collections/Sources/BasicContainers/RigidArray/RigidArray+Consumption.swift:23 RigidArray._consumeAll()
swift-collections	idempotence	~/GitHub_projects/swift-collections/Sources/BasicContainers/RigidDictionary/RigidDictionary+Removals.swift:77 RigidDictionary.removeAll()
swift-collections	idempotence	~/GitHub_projects/swift-collections/Sources/BasicContainers/RigidSet/RigidSet+Hashable.swift:36 _rawHashValue(seed:)
swift-collections	idempotence	~/GitHub_projects/swift-collections/Sources/BasicContainers/RigidSet/RigidSet+Index.swift:65 _rawHashValue(seed:)
swift-collections	idempotence	~/GitHub_projects/swift-collections/Sources/BasicContainers/RigidSet/RigidSet+Removals.swift:63 RigidSet.removeAll()
swift-collections	idempotence	~/GitHub_projects/swift-collections/Sources/BasicContainers/RigidSet/RigidSet.swift:171 RigidSet._take()
swift-collections	idempotence	~/GitHub_projects/swift-collections/Sources/BasicContainers/UniqueSet/UniqueSet+Hashable.swift:31 _rawHashValue(seed:)
swift-collections	idempotence	~/GitHub_projects/swift-collections/Sources/BitCollections/BitArray/BitArray+BitwiseOperations.swift:150 ~(value:)
swift-collections	idempotence	~/GitHub_projects/swift-collections/Sources/ContainersPreview/Conformances/RigidArray+Container.swift:161 RigidArray._customRemoveLast()
swift-collections	idempotence	~/GitHub_projects/swift-collections/Sources/ContainersPreview/Protocols/Container/DrainableContainer.swift:100 DrainableContainer.removeAll()
swift-collections	idempotence	~/GitHub_projects/swift-collections/Sources/ContainersPreview/Protocols/Container/DrainableContainer.swift:117 DrainableContainer._customRemoveLast()
swift-collections	idempotence	~/GitHub_projects/swift-collections/Sources/ContainersPreview/Protocols/Container/DrainableContainer.swift:141 DrainableContainer.consumeAll()
swift-collections	idempotence	~/GitHub_projects/swift-collections/Sources/ContainersPreview/Protocols/Container/PermutableContainer+HeapSort.swift:82 PermutableContainer.heapSort()
swift-collections	idempotence	~/GitHub_projects/swift-collections/Sources/ContainersPreview/Protocols/Drain/Drain.swift:117 Drain.drainNext()
swift-collections	idempotence	~/GitHub_projects/swift-collections/Sources/ContainersPreview/Protocols/Producer/Producer.swift:322 Producer.next()
swift-collections	idempotence	~/GitHub_projects/swift-collections/Sources/SortedCollections/BTree/_Node.Storage.swift:192 copy()
swift-collections	identity-element	~/GitHub_projects/swift-collections/Sources/BitCollections/BitArray/BitArray+BitwiseOperations.swift:103 &(left:right:) ; ~/GitHub_projects/swift-collections/Sources/DequeModule/_UnsafeDequeHandle.swift:57 _UnsafeDequeHandle.empty
swift-collections	identity-element	~/GitHub_projects/swift-collections/Sources/BitCollections/BitArray/BitArray+BitwiseOperations.swift:103 &(left:right:) ; ~/GitHub_projects/swift-collections/Sources/HashTreeCollections/HashNode/_AncestorHashSlots.swift:43 _AncestorHashSlots.empty
swift-collections	identity-element	~/GitHub_projects/swift-collections/Sources/BitCollections/BitArray/BitArray+BitwiseOperations.swift:103 &(left:right:) ; ~/GitHub_projects/swift-collections/Sources/HashTreeCollections/HashNode/_Bitmap.swift:76 _Bitmap.empty
swift-collections	identity-element	~/GitHub_projects/swift-collections/Sources/BitCollections/BitArray/BitArray+BitwiseOperations.swift:103 &(left:right:) ; ~/GitHub_projects/swift-collections/Sources/InternalCollectionsUtilities/UnsafeBitSet/_UnsafeBitSet+_Word.swift:249 _UnsafeBitSet._Word.empty
swift-collections	identity-element	~/GitHub_projects/swift-collections/Sources/BitCollections/BitArray/BitArray+BitwiseOperations.swift:135 ^(left:right:) ; ~/GitHub_projects/swift-collections/Sources/DequeModule/_UnsafeDequeHandle.swift:57 _UnsafeDequeHandle.empty
swift-collections	identity-element	~/GitHub_projects/swift-collections/Sources/BitCollections/BitArray/BitArray+BitwiseOperations.swift:135 ^(left:right:) ; ~/GitHub_projects/swift-collections/Sources/HashTreeCollections/HashNode/_AncestorHashSlots.swift:43 _AncestorHashSlots.empty
swift-collections	identity-element	~/GitHub_projects/swift-collections/Sources/BitCollections/BitArray/BitArray+BitwiseOperations.swift:135 ^(left:right:) ; ~/GitHub_projects/swift-collections/Sources/HashTreeCollections/HashNode/_Bitmap.swift:76 _Bitmap.empty
swift-collections	identity-element	~/GitHub_projects/swift-collections/Sources/BitCollections/BitArray/BitArray+BitwiseOperations.swift:135 ^(left:right:) ; ~/GitHub_projects/swift-collections/Sources/InternalCollectionsUtilities/UnsafeBitSet/_UnsafeBitSet+_Word.swift:249 _UnsafeBitSet._Word.empty
swift-collections	identity-element	~/GitHub_projects/swift-collections/Sources/BitCollections/BitArray/BitArray+BitwiseOperations.swift:71 |(left:right:) ; ~/GitHub_projects/swift-collections/Sources/DequeModule/_UnsafeDequeHandle.swift:57 _UnsafeDequeHandle.empty
swift-collections	identity-element	~/GitHub_projects/swift-collections/Sources/BitCollections/BitArray/BitArray+BitwiseOperations.swift:71 |(left:right:) ; ~/GitHub_projects/swift-collections/Sources/HashTreeCollections/HashNode/_AncestorHashSlots.swift:43 _AncestorHashSlots.empty
swift-collections	identity-element	~/GitHub_projects/swift-collections/Sources/BitCollections/BitArray/BitArray+BitwiseOperations.swift:71 |(left:right:) ; ~/GitHub_projects/swift-collections/Sources/HashTreeCollections/HashNode/_Bitmap.swift:76 _Bitmap.empty
swift-collections	identity-element	~/GitHub_projects/swift-collections/Sources/BitCollections/BitArray/BitArray+BitwiseOperations.swift:71 |(left:right:) ; ~/GitHub_projects/swift-collections/Sources/InternalCollectionsUtilities/UnsafeBitSet/_UnsafeBitSet+_Word.swift:249 _UnsafeBitSet._Word.empty
swift-collections	inverse-pair	~/GitHub_projects/swift-collections/Sources/BasicContainers/RigidSet/RigidSet+Insertions.swift:110 RigidSet.insert(_:) ; ~/GitHub_projects/swift-collections/Sources/BasicContainers/RigidSet/RigidSet+Removals.swift:19 RigidSet.remove(_:)
swift-collections	inverse-pair	~/GitHub_projects/swift-collections/Sources/BasicContainers/RigidSet/RigidSet.swift:160 _hashValue(for:) ; ~/GitHub_projects/swift-collections/Sources/HashTreeCollections/HashNode/_HashNode+Lookups.swift:252 item(position:)
swift-collections	inverse-pair	~/GitHub_projects/swift-collections/Sources/BasicContainers/UniqueSet/UniqueSet+Insertions.swift:59 UniqueSet.insert(_:) ; ~/GitHub_projects/swift-collections/Sources/BasicContainers/UniqueSet/UniqueSet+Removals.swift:30 UniqueSet.remove(_:)
swift-collections	inverse-pair	~/GitHub_projects/swift-collections/Sources/SortedCollections/BTree/_Node.UnsafeHandle.swift:349 startSlot(forKey:) ; ~/GitHub_projects/swift-collections/Sources/SortedCollections/BTree/_Node.UnsafeHandle.swift:770 removeElementWithoutValue(atSlot:)
swift-collections	inverse-pair	~/GitHub_projects/swift-collections/Sources/SortedCollections/BTree/_Node.UnsafeHandle.swift:373 endSlot(forKey:) ; ~/GitHub_projects/swift-collections/Sources/SortedCollections/BTree/_Node.UnsafeHandle.swift:770 removeElementWithoutValue(atSlot:)
swift-collections	measure-non-negativity	~/GitHub_projects/swift-collections/Sources/BasicContainers/RigidArray/RigidArray+Consumption.swift:203 count()
swift-collections	measure-non-negativity	~/GitHub_projects/swift-collections/Sources/BasicContainers/RigidDictionary/RigidDictionary+Indices.swift:68 underestimatedCount()
swift-collections	measure-non-negativity	~/GitHub_projects/swift-collections/Sources/BasicContainers/RigidDictionary/RigidDictionary.swift:83 count()
swift-collections	measure-non-negativity	~/GitHub_projects/swift-collections/Sources/BasicContainers/RigidSet/RigidSet+Iterable.swift:19 underestimatedCount()
swift-collections	measure-non-negativity	~/GitHub_projects/swift-collections/Sources/BasicContainers/RigidSet/RigidSet.swift:79 count()
swift-collections	measure-non-negativity	~/GitHub_projects/swift-collections/Sources/BasicContainers/UniqueDictionary/UniqueDictionary.swift:49 count()
swift-collections	measure-non-negativity	~/GitHub_projects/swift-collections/Sources/BasicContainers/UniqueSet/UniqueSet+Iterable.swift:25 underestimatedCount()
swift-collections	measure-non-negativity	~/GitHub_projects/swift-collections/Sources/BasicContainers/UniqueSet/UniqueSet.swift:47 count()
swift-collections	measure-non-negativity	~/GitHub_projects/swift-collections/Sources/ContainersPreview/Protocols/Container/Container.swift:283 underestimatedCount()
swift-collections	measure-non-negativity	~/GitHub_projects/swift-collections/Sources/ContainersPreview/Protocols/Container/Container.swift:341 count()
swift-collections	measure-non-negativity	~/GitHub_projects/swift-collections/Sources/ContainersPreview/Protocols/Container/RandomAccessContainer.swift:145 count()
swift-collections	measure-non-negativity	~/GitHub_projects/swift-collections/Sources/ContainersPreview/Protocols/Container/RandomAccessContainer.swift:213 count()
swift-collections	measure-non-negativity	~/GitHub_projects/swift-collections/Sources/ContainersPreview/Protocols/Container/RandomAccessContainer.swift:85 count()
swift-collections	measure-non-negativity	~/GitHub_projects/swift-collections/Sources/ContainersPreview/Protocols/Drain/Drain+Map.swift:61 underestimatedCount()
swift-collections	measure-non-negativity	~/GitHub_projects/swift-collections/Sources/ContainersPreview/Protocols/Iterable/BorrowingIteratorProtocol+Map.swift:87 underestimatedCount()
swift-collections	measure-non-negativity	~/GitHub_projects/swift-collections/Sources/ContainersPreview/Protocols/Producer/CountedProducer.swift:28 underestimatedCount()
swift-collections	measure-non-negativity	~/GitHub_projects/swift-collections/Sources/ContainersPreview/Protocols/Producer/Producer+Filter.swift:75 underestimatedCount()
swift-collections	measure-non-negativity	~/GitHub_projects/swift-collections/Sources/ContainersPreview/Protocols/Producer/Producer+Map.swift:75 underestimatedCount()
swift-collections	measure-non-negativity	~/GitHub_projects/swift-collections/Sources/ContainersPreview/Protocols/Producer/Producer+Unfold.swift:61 underestimatedCount()
swift-collections	measure-non-negativity	~/GitHub_projects/swift-collections/Sources/ContainersPreview/Protocols/Producer/Producer.swift:201 underestimatedCount()
swift-collections	measure-non-negativity	~/GitHub_projects/swift-collections/Sources/DequeModule/RigidDeque/RigidDeque+Consumption.swift:242 count()
swift-collections	measure-non-negativity	~/GitHub_projects/swift-collections/Sources/DequeModule/RigidDeque/RigidDeque.swift:213 count()
swift-collections	measure-non-negativity	~/GitHub_projects/swift-collections/Sources/SortedCollections/BTree/_BTree+BidirectionalCollection.swift:26 count()
swift-collections	measure-non-negativity	~/GitHub_projects/swift-collections/Sources/SortedCollections/BTree/_BTree+SubSequence.swift:105 count()
swift-collections	measure-non-negativity	~/GitHub_projects/swift-collections/Sources/SortedCollections/BTree/_FixedSizeArray.swift:26 maxSize()
swift-collections	measure-non-negativity	~/GitHub_projects/swift-collections/Sources/SortedCollections/BTree/_Node.UnsafeHandle.swift:171 childCount()
swift-collections	measure-non-negativity	~/GitHub_projects/swift-collections/Sources/SortedCollections/BTree/_Node.UnsafeHandle.swift:189 minimumElementCount()
swift-collections	measure-non-negativity	~/GitHub_projects/swift-collections/Sources/SortedCollections/SortedDictionary/SortedDictionary+BidirectionalCollection.swift:22 count()
swift-collections	measure-non-negativity	~/GitHub_projects/swift-collections/Sources/SortedCollections/SortedDictionary/SortedDictionary+Keys.swift:73 count()
swift-collections	measure-non-negativity	~/GitHub_projects/swift-collections/Sources/SortedCollections/SortedDictionary/SortedDictionary+SubSequence.swift:107 count()
swift-collections	measure-non-negativity	~/GitHub_projects/swift-collections/Sources/SortedCollections/SortedDictionary/SortedDictionary+Values.swift:73 count()
swift-collections	measure-non-negativity	~/GitHub_projects/swift-collections/Sources/SortedCollections/SortedSet/SortedSet+BidirectionalCollection.swift:22 count()
swift-collections	measure-non-negativity	~/GitHub_projects/swift-collections/Sources/SortedCollections/SortedSet/SortedSet+SubSequence.swift:107 count()
swift-collections	measure-non-negativity	~/GitHub_projects/swift-collections/Sources/SpanPreview/InputSpan.swift:152 count()
swift-collections	measure-non-negativity	~/GitHub_projects/swift-collections/Sources/SpanPreview/InputSpan.swift:232 underestimatedCount()
swift-collections	model-law	~/GitHub_projects/swift-collections/Sources/SortedCollections/SortedSet/SortedSet+SetAlgebra.swift:148 intersection(_:) ; ~/GitHub_projects/swift-collections/Sources/SortedCollections/SortedSet/SortedSet+SetAlgebra.swift:25 contains(_:)
swift-collections	model-law	~/GitHub_projects/swift-collections/Sources/SortedCollections/SortedSet/SortedSet+SetAlgebra.swift:195 symmetricDifference(_:) ; ~/GitHub_projects/swift-collections/Sources/SortedCollections/SortedSet/SortedSet+SetAlgebra.swift:25 contains(_:)
swift-collections	model-law	~/GitHub_projects/swift-collections/Sources/SortedCollections/SortedSet/SortedSet+SetAlgebra.swift:249 subtracting(_:) ; ~/GitHub_projects/swift-collections/Sources/SortedCollections/SortedSet/SortedSet+SetAlgebra.swift:25 contains(_:)
swift-collections	model-law	~/GitHub_projects/swift-collections/Sources/SortedCollections/SortedSet/SortedSet+SetAlgebra.swift:94 union(_:) ; ~/GitHub_projects/swift-collections/Sources/SortedCollections/SortedSet/SortedSet+SetAlgebra.swift:25 contains(_:)
swift-collections	monotonicity	~/GitHub_projects/swift-collections/Sources/SortedCollections/BTree/_Node.UnsafeHandle.swift:349 startSlot(forKey:)
swift-collections	monotonicity	~/GitHub_projects/swift-collections/Sources/SortedCollections/BTree/_Node.UnsafeHandle.swift:373 endSlot(forKey:)
swift-collections	monotonicity	~/GitHub_projects/swift-collections/Sources/SpanPreview/InputSpan.swift:108 finalize(for:)
swift-collections	monotonicity	~/GitHub_projects/swift-collections/Sources/SpanPreview/InputSpan.swift:141 finalize(for:)
swift-collections	predicate	~/GitHub_projects/swift-collections/Sources/BasicContainers/HashTable/_HTable+Deprecated.swift:22 advanceToOccupied(maximumCount:)
swift-collections	predicate	~/GitHub_projects/swift-collections/Sources/BasicContainers/HashTable/_HTable+Deprecated.swift:33 advanceToUnoccupied(maximumCount:)
swift-collections	predicate	~/GitHub_projects/swift-collections/Sources/BasicContainers/RigidDictionary/RigidDictionary+Equatable.swift:24 isTriviallyIdentical(to:)
swift-collections	predicate	~/GitHub_projects/swift-collections/Sources/BasicContainers/RigidDictionary/RigidDictionary+Equatable.swift:33 isEqual(to:by:)
swift-collections	predicate	~/GitHub_projects/swift-collections/Sources/BasicContainers/RigidDictionary/RigidDictionary+Index.swift:46 _isOccupied(_:)
swift-collections	predicate	~/GitHub_projects/swift-collections/Sources/BasicContainers/RigidDictionary/RigidDictionary+Lookup.swift:30 containsKey(_:)
swift-collections	predicate	~/GitHub_projects/swift-collections/Sources/BasicContainers/RigidSet/RigidSet+Equatable.swift:23 isTriviallyIdentical(to:)
swift-collections	predicate	~/GitHub_projects/swift-collections/Sources/BasicContainers/RigidSet/RigidSet+Index.swift:91 _isOccupied(_:)
swift-collections	predicate	~/GitHub_projects/swift-collections/Sources/BasicContainers/RigidSet/RigidSet+Iterable.swift:35 _validateIterator(_:)
swift-collections	predicate	~/GitHub_projects/swift-collections/Sources/BasicContainers/RigidSet/RigidSet+Lookup.swift:35 contains(_:)
swift-collections	predicate	~/GitHub_projects/swift-collections/Sources/BasicContainers/UniqueDictionary/UniqueDictionary+Equatable.swift:24 isTriviallyIdentical(to:)
swift-collections	predicate	~/GitHub_projects/swift-collections/Sources/BasicContainers/UniqueDictionary/UniqueDictionary+Equatable.swift:33 isEqual(to:by:)
swift-collections	predicate	~/GitHub_projects/swift-collections/Sources/BasicContainers/UniqueDictionary/UniqueDictionary+Index.swift:46 _isOccupied(_:)
swift-collections	predicate	~/GitHub_projects/swift-collections/Sources/BasicContainers/UniqueDictionary/UniqueDictionary+Lookup.swift:22 containsKey(_:)
swift-collections	predicate	~/GitHub_projects/swift-collections/Sources/BasicContainers/UniqueDictionary/UniqueDictionary+Resizing.swift:21 _ensureFreeCapacity(_:)
swift-collections	predicate	~/GitHub_projects/swift-collections/Sources/BasicContainers/UniqueSet/UniqueSet+Equatable.swift:24 isTriviallyIdentical(to:)
swift-collections	predicate	~/GitHub_projects/swift-collections/Sources/BasicContainers/UniqueSet/UniqueSet+Index.swift:34 _isOccupied(_:)
swift-collections	predicate	~/GitHub_projects/swift-collections/Sources/BasicContainers/UniqueSet/UniqueSet+Lookup.swift:19 contains(_:)
swift-collections	predicate	~/GitHub_projects/swift-collections/Sources/BasicContainers/UniqueSet/UniqueSet+Resizing.swift:21 _ensureFreeCapacity(_:)
swift-collections	predicate	~/GitHub_projects/swift-collections/Sources/ContainersPreview/Conformances/RigidArray+Container.swift:172 _customRemoveLast(_:)
swift-collections	predicate	~/GitHub_projects/swift-collections/Sources/ContainersPreview/Protocols/Container/DrainableContainer.swift:128 _customRemoveLast(_:)
swift-collections	predicate	~/GitHub_projects/swift-collections/Sources/ContainersPreview/Types/Shared.swift:63 ensureUnique(cloner:)
swift-collections	predicate	~/GitHub_projects/swift-collections/Sources/SortedCollections/BTree/_BTree+SubSequence.swift:158 formIndex(_:offsetBy:limitedBy:)
swift-collections	predicate	~/GitHub_projects/swift-collections/Sources/SortedCollections/BTree/_BTree.swift:265 contains(key:)
swift-collections	predicate	~/GitHub_projects/swift-collections/Sources/SortedCollections/BTree/_Node.UnsafeHandle.swift:212 isChildUnique(atSlot:)
swift-collections	predicate	~/GitHub_projects/swift-collections/Sources/SortedCollections/SortedDictionary/SortedDictionary+BidirectionalCollection.swift:174 formIndex(_:offsetBy:limitedBy:)
swift-collections	predicate	~/GitHub_projects/swift-collections/Sources/SortedCollections/SortedDictionary/SortedDictionary+SubSequence.swift:247 formIndex(_:offsetBy:limitedBy:)
swift-collections	predicate	~/GitHub_projects/swift-collections/Sources/SortedCollections/SortedSet/SortedSet+BidirectionalCollection.swift:174 formIndex(_:offsetBy:limitedBy:)
swift-collections	predicate	~/GitHub_projects/swift-collections/Sources/SortedCollections/SortedSet/SortedSet+SetAlgebra.swift:25 contains(_:)
swift-collections	predicate	~/GitHub_projects/swift-collections/Sources/SortedCollections/SortedSet/SortedSet+SetAlgebra.swift:298 isSubset(of:)
swift-collections	predicate	~/GitHub_projects/swift-collections/Sources/SortedCollections/SortedSet/SortedSet+SetAlgebra.swift:340 isStrictSubset(of:)
swift-collections	predicate	~/GitHub_projects/swift-collections/Sources/SortedCollections/SortedSet/SortedSet+SetAlgebra.swift:353 isDisjoint(with:)
swift-collections	predicate	~/GitHub_projects/swift-collections/Sources/SortedCollections/SortedSet/SortedSet+SubSequence.swift:247 formIndex(_:offsetBy:limitedBy:)
swift-collections	round-trip	~/GitHub_projects/swift-collections/Sources/BasicContainers/RigidSet/RigidSet+Index.swift:23 _offset(_offset:) ; ~/GitHub_projects/swift-collections/Sources/BasicContainers/RigidSet/RigidSet+Index.swift:47 _offset()
swift-collections	round-trip	~/GitHub_projects/swift-collections/Sources/SortedCollections/BTree/_Node.UnsafeHandle.swift:349 startSlot(forKey:) ; ~/GitHub_projects/swift-collections/Sources/SortedCollections/BTree/_Node.UnsafeHandle.swift:770 removeElementWithoutValue(atSlot:)
swift-collections	round-trip	~/GitHub_projects/swift-collections/Sources/SortedCollections/BTree/_Node.UnsafeHandle.swift:373 endSlot(forKey:) ; ~/GitHub_projects/swift-collections/Sources/SortedCollections/BTree/_Node.UnsafeHandle.swift:770 removeElementWithoutValue(atSlot:)
swift-collections	set-relation-model-law	~/GitHub_projects/swift-collections/Sources/SortedCollections/SortedSet/SortedSet+SetAlgebra.swift:298 isSubset(of:) ; ~/GitHub_projects/swift-collections/Sources/SortedCollections/SortedSet/SortedSet+SetAlgebra.swift:25 contains(_:)
swift-collections	set-relation-model-law	~/GitHub_projects/swift-collections/Sources/SortedCollections/SortedSet/SortedSet+SetAlgebra.swift:353 isDisjoint(with:) ; ~/GitHub_projects/swift-collections/Sources/SortedCollections/SortedSet/SortedSet+SetAlgebra.swift:25 contains(_:)
swift-foundation	codable-round-trip	~/GitHub_projects/swift-foundation/Sources/FoundationEssentials/AttributedString/AttributedStringCodable.swift:233 encode(to:)
swift-foundation	codable-round-trip	~/GitHub_projects/swift-foundation/Sources/FoundationEssentials/AttributedString/FoundationAttributes.swift:279 encode(to:)
swift-foundation	codable-round-trip	~/GitHub_projects/swift-foundation/Sources/FoundationEssentials/Locale/Locale_Preferences.swift:507 encode(to:)
swift-foundation	codable-round-trip	~/GitHub_projects/swift-foundation/Sources/FoundationEssentials/Predicate/Archiving/Predicate+Codable.swift:31 encode(to:)
swift-foundation	codable-round-trip	~/GitHub_projects/swift-foundation/Sources/FoundationEssentials/Predicate/Archiving/Predicate+Codable.swift:42 encode(to:)
swift-foundation	codable-round-trip	~/GitHub_projects/swift-foundation/Sources/FoundationEssentials/Predicate/Archiving/PredicateExpressionConstruction.swift:75 encode(to:)
swift-foundation	codable-round-trip	~/GitHub_projects/swift-foundation/Sources/FoundationEssentials/Predicate/Expressions/PredicateEvaluation.swift:58 encode(to:)
swift-foundation	codable-round-trip	~/GitHub_projects/swift-foundation/Sources/FoundationEssentials/Predicate/Expressions/StringComparison.swift:56 encode(to:)
swift-foundation	equivalence-relation	~/GitHub_projects/swift-foundation/Sources/FoundationEssentials/AttributedString/AttributedStringAttribute.swift:215 equals(_:)
swift-foundation	guard-domain	~/GitHub_projects/swift-foundation/Sources/FoundationEssentials/Data/Data+Bridging.swift:20 bridgedReference(_:)
swift-foundation	guard-domain	~/GitHub_projects/swift-foundation/Sources/FoundationEssentials/ProcessInfo/ProcessInfo+ObjC.swift:136 isVersionAtLeast(_:)
swift-foundation	guard-domain	~/GitHub_projects/swift-foundation/Sources/FoundationEssentials/URL/URL_Swift.swift:744 isDirectory(_:)
swift-foundation	idempotence	~/GitHub_projects/swift-foundation/Sources/FoundationEssentials/FileManager/FileManager+Basics.swift:65 displayName(atPath:)
swift-foundation	idempotence	~/GitHub_projects/swift-foundation/Sources/FoundationEssentials/FileManager/FileManager+Bridge.swift:161 displayName(atPath:)
swift-foundation	idempotence	~/GitHub_projects/swift-foundation/Sources/FoundationEssentials/FileManager/FileManager+Bridge.swift:82 destinationOfSymbolicLink(atPath:)
swift-foundation	idempotence	~/GitHub_projects/swift-foundation/Sources/FoundationEssentials/Predicate/NSPredicateConversion.swift:504 mapRegexForContains()
swift-foundation	idempotence	~/GitHub_projects/swift-foundation/Sources/FoundationEssentials/PropertyList/PlistDictionaryEncoder.swift:155 _PlistDictionaryEncodingStorage.pushKeyedContainer()
swift-foundation	idempotence	~/GitHub_projects/swift-foundation/Sources/FoundationEssentials/PropertyList/PlistDictionaryEncoder.swift:161 _PlistDictionaryEncodingStorage.pushUnkeyedContainer()
swift-foundation	idempotence	~/GitHub_projects/swift-foundation/Sources/FoundationEssentials/PropertyList/PlistDictionaryEncoder.swift:171 _PlistDictionaryEncodingStorage.popContainer()
swift-foundation	idempotence	~/GitHub_projects/swift-foundation/Sources/FoundationEssentials/String/String+Internals.swift:89 removingNTPathPrefix()
swift-foundation	idempotence	~/GitHub_projects/swift-foundation/Sources/FoundationEssentials/URL/URL.swift:1460 URL.removeAllCachedResourceValues()
swift-foundation	idempotence	~/GitHub_projects/swift-foundation/Sources/FoundationEssentials/URL/URLComponents_ObjC.swift:174 url(relativeTo:)
swift-foundation	idempotence	~/GitHub_projects/swift-foundation/Sources/FoundationEssentials/URL/URL_C+File.swift:191 posixLikePath(fromHFSPath:)
swift-foundation	idempotence	~/GitHub_projects/swift-foundation/Sources/FoundationEssentials/URL/URL_Swift.swift:1048 removingDotSegments()
swift-foundation	idempotence	~/GitHub_projects/swift-foundation/Sources/FoundationEssentials/URL/URL_Swift.swift:1058 fileSystemRepresentation()
swift-foundation	idempotence	~/GitHub_projects/swift-foundation/Sources/FoundationEssentials/URL/URL_Swift.swift:339 absoluteSwiftURL()
swift-foundation	idempotence	~/GitHub_projects/swift-foundation/Sources/FoundationEssentials/URL/URL_Swift.swift:957 convertingFileReference()
swift-foundation	identity-element	~/GitHub_projects/swift-foundation/Sources/FoundationEssentials/AttributedString/AttributeScope.swift:76 ScopeDescription.merge(_:) ; ~/GitHub_projects/swift-foundation/Sources/FoundationEssentials/AttributedString/AttributedString+_InternalRun.swift:105 AttributedString._InternalRun.Summary.zero
swift-foundation	identity-element	~/GitHub_projects/swift-foundation/Sources/FoundationEssentials/AttributedString/AttributeScope.swift:76 ScopeDescription.merge(_:) ; ~/GitHub_projects/swift-foundation/Sources/FoundationEssentials/Predicate/Archiving/Predicate+Codable.swift:16 PredicateCodableConfiguration.default
swift-foundation	identity-element	~/GitHub_projects/swift-foundation/Sources/FoundationEssentials/AttributedString/AttributedString+_InternalRun.swift:109 AttributedString._InternalRun.Summary.add(_:) ; ~/GitHub_projects/swift-foundation/Sources/FoundationEssentials/AttributedString/AttributedString+_InternalRun.swift:105 AttributedString._InternalRun.Summary.zero
swift-foundation	identity-element	~/GitHub_projects/swift-foundation/Sources/FoundationEssentials/AttributedString/AttributedString+_InternalRun.swift:109 AttributedString._InternalRun.Summary.add(_:) ; ~/GitHub_projects/swift-foundation/Sources/FoundationEssentials/Predicate/Archiving/Predicate+Codable.swift:16 PredicateCodableConfiguration.default
swift-foundation	identity-element	~/GitHub_projects/swift-foundation/Sources/FoundationEssentials/AttributedString/AttributedString+_InternalRun.swift:114 AttributedString._InternalRun.Summary.subtract(_:) ; ~/GitHub_projects/swift-foundation/Sources/FoundationEssentials/AttributedString/AttributedString+_InternalRun.swift:105 AttributedString._InternalRun.Summary.zero
swift-foundation	identity-element	~/GitHub_projects/swift-foundation/Sources/FoundationEssentials/AttributedString/AttributedString+_InternalRun.swift:114 AttributedString._InternalRun.Summary.subtract(_:) ; ~/GitHub_projects/swift-foundation/Sources/FoundationEssentials/Predicate/Archiving/Predicate+Codable.swift:16 PredicateCodableConfiguration.default
swift-foundation	identity-element	~/GitHub_projects/swift-foundation/Sources/FoundationEssentials/Predicate/Archiving/PredicateCodableConfiguration.swift:279 PredicateCodableConfiguration.allow(_:) ; ~/GitHub_projects/swift-foundation/Sources/FoundationEssentials/AttributedString/AttributedString+_InternalRun.swift:105 AttributedString._InternalRun.Summary.zero
swift-foundation	identity-element	~/GitHub_projects/swift-foundation/Sources/FoundationEssentials/Predicate/Archiving/PredicateCodableConfiguration.swift:279 PredicateCodableConfiguration.allow(_:) ; ~/GitHub_projects/swift-foundation/Sources/FoundationEssentials/Predicate/Archiving/Predicate+Codable.swift:16 PredicateCodableConfiguration.default
swift-foundation	input-totality	~/GitHub_projects/swift-foundation/Sources/FoundationEssentials/String/String+IO.swift:204 makeNSString(bytes:)
swift-foundation	input-totality	~/GitHub_projects/swift-foundation/Sources/FoundationEssentials/URL/URL.swift:1501 resourceValues(forKeys:fromBookmarkData:)
swift-foundation	input-totality	~/GitHub_projects/swift-foundation/Sources/FoundationEssentials/URL/URL_C+File.swift:176 parseHFS(_:flags:isDirectory:)
swift-foundation	input-totality	~/GitHub_projects/swift-foundation/Sources/FoundationEssentials/URL/URL_C+File.swift:93 parseFileSystemRepresentation(buffer:flags:isDirectory:)
swift-foundation	input-totality	~/GitHub_projects/swift-foundation/Sources/FoundationEssentials/URL/URL_Swift.swift:64 parse(string:encodingInvalidCharacters:)
swift-foundation	inverse-pair	~/GitHub_projects/swift-foundation/Sources/FoundationEssentials/AttributedString/Conversion.swift:81 value(for:) ; ~/GitHub_projects/swift-foundation/Sources/FoundationEssentials/AttributedString/Conversion.swift:91 objectiveCValue(for:)
swift-foundation	inverse-pair	~/GitHub_projects/swift-foundation/Sources/FoundationEssentials/AttributedString/FoundationAttributes.swift:515 objectiveCValue(for:) ; ~/GitHub_projects/swift-foundation/Sources/FoundationEssentials/AttributedString/FoundationAttributes.swift:519 value(for:)
swift-foundation	inverse-pair	~/GitHub_projects/swift-foundation/Sources/FoundationEssentials/AttributedString/FoundationAttributes.swift:539 objectiveCValue(for:) ; ~/GitHub_projects/swift-foundation/Sources/FoundationEssentials/AttributedString/FoundationAttributes.swift:543 value(for:)
swift-foundation	inverse-pair	~/GitHub_projects/swift-foundation/Sources/FoundationEssentials/AttributedString/FoundationAttributes.swift:577 objectiveCValue(for:) ; ~/GitHub_projects/swift-foundation/Sources/FoundationEssentials/AttributedString/FoundationAttributes.swift:581 value(for:)
swift-foundation	measure-non-negativity	~/GitHub_projects/swift-foundation/Sources/FoundationEssentials/Data/Data+Bridging.swift:41 length()
swift-foundation	measure-non-negativity	~/GitHub_projects/swift-foundation/Sources/FoundationEssentials/ProcessInfo/ProcessInfo+ObjC.swift:81 processorCount()
swift-foundation	measure-non-negativity	~/GitHub_projects/swift-foundation/Sources/FoundationEssentials/ProcessInfo/ProcessInfo+ObjC.swift:82 activeProcessorCount()
swift-foundation	measure-non-negativity	~/GitHub_projects/swift-foundation/Sources/FoundationEssentials/ProcessInfo/ProcessInfo.swift:446 processorCount()
swift-foundation	measure-non-negativity	~/GitHub_projects/swift-foundation/Sources/FoundationEssentials/ProcessInfo/ProcessInfo.swift:467 activeProcessorCount()
swift-foundation	measure-non-negativity	~/GitHub_projects/swift-foundation/Sources/FoundationEssentials/PropertyList/PlistDictionaryEncoder.swift:151 count()
swift-foundation	measure-non-negativity	~/GitHub_projects/swift-foundation/Sources/FoundationEssentials/PropertyList/PlistDictionaryEncoder.swift:319 count()
swift-foundation	measure-non-negativity	~/GitHub_projects/swift-foundation/Sources/FoundationEssentials/URL/URL_Parsing.swift:177 maxStringLength()
swift-foundation	measure-non-negativity	~/GitHub_projects/swift-foundation/Sources/FoundationEssentials/URL/URL_Parsing.swift:229 maxStringLength()
swift-foundation	monotonicity	~/GitHub_projects/swift-foundation/Sources/FoundationEssentials/Date.swift:379 _unconditionallyBridgeFromObjectiveC(_:)
swift-foundation	normal-form	~/GitHub_projects/swift-foundation/Sources/FoundationEssentials/Date.swift:400 summary() ; ~/GitHub_projects/swift-foundation/Sources/FoundationEssentials/Formatting/Date+HTTPFormatStyle.swift:55 parse(_:)
swift-foundation	normal-form	~/GitHub_projects/swift-foundation/Sources/FoundationEssentials/Date.swift:400 summary() ; ~/GitHub_projects/swift-foundation/Sources/FoundationEssentials/Formatting/Date+ISO8601FormatStyle.swift:438 parse(_:)
swift-foundation	predicate	~/GitHub_projects/swift-foundation/Sources/FoundationEssentials/AttributedString/FoundationAttributes.swift:1062 _conditionallyBridgeFromObjectiveC(_:result:)
swift-foundation	predicate	~/GitHub_projects/swift-foundation/Sources/FoundationEssentials/Calendar/Calendar.swift:1840 _conditionallyBridgeFromObjectiveC(_:result:)
swift-foundation	predicate	~/GitHub_projects/swift-foundation/Sources/FoundationEssentials/Calendar/DateComponents.swift:743 _conditionallyBridgeFromObjectiveC(_:result:)
swift-foundation	predicate	~/GitHub_projects/swift-foundation/Sources/FoundationEssentials/Date.swift:373 _conditionallyBridgeFromObjectiveC(_:result:)
swift-foundation	predicate	~/GitHub_projects/swift-foundation/Sources/FoundationEssentials/DateInterval.swift:210 _conditionallyBridgeFromObjectiveC(_:result:)
swift-foundation	predicate	~/GitHub_projects/swift-foundation/Sources/FoundationEssentials/Decimal/Decimal+Compatibility.swift:42 _conditionallyBridgeFromObjectiveC(_:result:)
swift-foundation	predicate	~/GitHub_projects/swift-foundation/Sources/FoundationEssentials/FileManager/FileManager+Bridge.swift:122 changeCurrentDirectoryPath(_:)
swift-foundation	predicate	~/GitHub_projects/swift-foundation/Sources/FoundationEssentials/FileManager/FileManager+Bridge.swift:126 fileExists(atPath:)
swift-foundation	predicate	~/GitHub_projects/swift-foundation/Sources/FoundationEssentials/FileManager/FileManager+Bridge.swift:130 fileExists(atPath:isDirectory:)
swift-foundation	predicate	~/GitHub_projects/swift-foundation/Sources/FoundationEssentials/FileManager/FileManager+Bridge.swift:141 isReadableFile(atPath:)
swift-foundation	predicate	~/GitHub_projects/swift-foundation/Sources/FoundationEssentials/FileManager/FileManager+Bridge.swift:145 isWritableFile(atPath:)
swift-foundation	predicate	~/GitHub_projects/swift-foundation/Sources/FoundationEssentials/FileManager/FileManager+Bridge.swift:149 isExecutableFile(atPath:)
swift-foundation	predicate	~/GitHub_projects/swift-foundation/Sources/FoundationEssentials/FileManager/FileManager+Bridge.swift:153 isDeletableFile(atPath:)
swift-foundation	predicate	~/GitHub_projects/swift-foundation/Sources/FoundationEssentials/FileManager/FileManager+Bridge.swift:157 contentsEqual(atPath:andPath:)
swift-foundation	predicate	~/GitHub_projects/swift-foundation/Sources/FoundationEssentials/FileManager/FileManager+Bridge.swift:169 createFile(atPath:contents:attributes:)
swift-foundation	predicate	~/GitHub_projects/swift-foundation/Sources/FoundationEssentials/IndexPath.swift:756 _conditionallyBridgeFromObjectiveC(_:result:)
swift-foundation	predicate	~/GitHub_projects/swift-foundation/Sources/FoundationEssentials/ProcessInfo/ProcessInfo+ObjC.swift:129 isOperatingSystemAtLeast(_:)
swift-foundation	predicate	~/GitHub_projects/swift-foundation/Sources/FoundationEssentials/ProcessInfo/ProcessInfo+ObjC.swift:136 isVersionAtLeast(_:)
swift-foundation	predicate	~/GitHub_projects/swift-foundation/Sources/FoundationEssentials/ProcessInfo/ProcessInfo.swift:420 isOperatingSystemAtLeast(_:)
swift-foundation	predicate	~/GitHub_projects/swift-foundation/Sources/FoundationEssentials/ProgressManager/ProgressManager+Interop.swift:73 isCycle(reporter:visited:)
swift-foundation	predicate	~/GitHub_projects/swift-foundation/Sources/FoundationEssentials/ProgressManager/ProgressManager.swift:464 isCycle(reporter:visited:)
swift-foundation	predicate	~/GitHub_projects/swift-foundation/Sources/FoundationEssentials/ProgressManager/ProgressManager.swift:483 isCycleInterop(reporter:visited:)
swift-foundation	predicate	~/GitHub_projects/swift-foundation/Sources/FoundationEssentials/String/String+Bridging.swift:261 _conditionallyBridgeFromObjectiveC(_:result:)
swift-foundation	predicate	~/GitHub_projects/swift-foundation/Sources/FoundationEssentials/String/String+Bridging.swift:51 _conditionallyBridgeFromObjectiveC(_:result:)
swift-foundation	predicate	~/GitHub_projects/swift-foundation/Sources/FoundationEssentials/String/String+Internals.swift:522 __swiftFillFileSystemRepresentation(pointer:maxLength:)
swift-foundation	predicate	~/GitHub_projects/swift-foundation/Sources/FoundationEssentials/TimeZone/TimeZone.swift:373 _conditionallyBridgeFromObjectiveC(_:result:)
swift-foundation	predicate	~/GitHub_projects/swift-foundation/Sources/FoundationEssentials/TimeZone/TimeZone_Autoupdating.swift:38 isDaylightSavingTime(for:)
swift-foundation	predicate	~/GitHub_projects/swift-foundation/Sources/FoundationEssentials/TimeZone/TimeZone_GMT.swift:51 isDaylightSavingTime(for:)
swift-foundation	predicate	~/GitHub_projects/swift-foundation/Sources/FoundationEssentials/URL/URL.swift:2005 _conditionallyBridgeFromObjectiveC(_:result:)
swift-foundation	predicate	~/GitHub_projects/swift-foundation/Sources/FoundationEssentials/URL/URL.swift:49 contains(_:)
swift-foundation	predicate	~/GitHub_projects/swift-foundation/Sources/FoundationEssentials/URL/URLComponents.swift:1271 _conditionallyBridgeFromObjectiveC(_:result:)
swift-foundation	predicate	~/GitHub_projects/swift-foundation/Sources/FoundationEssentials/URL/URLComponents.swift:1384 _conditionallyBridgeFromObjectiveC(_:result:)
swift-foundation	predicate	~/GitHub_projects/swift-foundation/Sources/FoundationEssentials/URL/URLComponents_ObjC.swift:142 isEqual(_:)
swift-foundation	predicate	~/GitHub_projects/swift-foundation/Sources/FoundationEssentials/URL/URLComponents_ObjC.swift:193 _setScheme(_:)
swift-foundation	predicate	~/GitHub_projects/swift-foundation/Sources/FoundationEssentials/URL/URLComponents_ObjC.swift:221 _setPort(_:)
swift-foundation	predicate	~/GitHub_projects/swift-foundation/Sources/FoundationEssentials/URL/URLComponents_ObjC.swift:249 _setPercentEncodedUser(_:)
swift-foundation	predicate	~/GitHub_projects/swift-foundation/Sources/FoundationEssentials/URL/URLComponents_ObjC.swift:262 _setPercentEncodedPassword(_:)
swift-foundation	predicate	~/GitHub_projects/swift-foundation/Sources/FoundationEssentials/URL/URLComponents_ObjC.swift:275 _setPercentEncodedHost(_:)
swift-foundation	predicate	~/GitHub_projects/swift-foundation/Sources/FoundationEssentials/URL/URLComponents_ObjC.swift:288 _setEncodedHost(_:)
swift-foundation	predicate	~/GitHub_projects/swift-foundation/Sources/FoundationEssentials/URL/URLComponents_ObjC.swift:301 _setPercentEncodedPath(_:)
swift-foundation	predicate	~/GitHub_projects/swift-foundation/Sources/FoundationEssentials/URL/URLComponents_ObjC.swift:314 _setPercentEncodedQuery(_:)
swift-foundation	predicate	~/GitHub_projects/swift-foundation/Sources/FoundationEssentials/URL/URLComponents_ObjC.swift:327 _setPercentEncodedFragment(_:)
swift-foundation	predicate	~/GitHub_projects/swift-foundation/Sources/FoundationEssentials/URL/URLComponents_ObjC.swift:345 _setPercentEncodedQueryItems(_:)
swift-foundation	predicate	~/GitHub_projects/swift-foundation/Sources/FoundationEssentials/URL/URLComponents_ObjC.swift:417 isEqual(_:)
swift-foundation	predicate	~/GitHub_projects/swift-foundation/Sources/FoundationEssentials/URL/URL_C+Encoding.swift:184 __swiftDecodeFileURLString(_:intoFSR:length:removePercentEscapes:)
swift-foundation	predicate	~/GitHub_projects/swift-foundation/Sources/FoundationEssentials/URL/URL_C+File.swift:23 __swiftParseFilePath(_:into:pathStyle:isDirectory:)
swift-foundation	predicate	~/GitHub_projects/swift-foundation/Sources/FoundationEssentials/URL/URL_C+File.swift:49 __swiftParseFileSystemRepresentation(_:length:into:isDirectory:)
swift-foundation	predicate	~/GitHub_projects/swift-foundation/Sources/FoundationEssentials/URL/URL_C+Parsing.swift:21 __swiftParseSmall(_:into:allowEncoding:)
swift-foundation	predicate	~/GitHub_projects/swift-foundation/Sources/FoundationEssentials/URL/URL_C+Parsing.swift:42 __swiftParseBig(_:into:allowEncoding:)
swift-foundation	predicate	~/GitHub_projects/swift-foundation/Sources/FoundationEssentials/URL/URL_C+Parsing.swift:63 __swiftParseSmallNSURL(_:into:)
swift-foundation	predicate	~/GitHub_projects/swift-foundation/Sources/FoundationEssentials/URL/URL_C+Parsing.swift:77 __swiftParseBigNSURL(_:into:)
swift-foundation	predicate	~/GitHub_projects/swift-foundation/Sources/FoundationEssentials/URL/URL_Swift.swift:744 isDirectory(_:)
swift-foundation	predicate	~/GitHub_projects/swift-foundation/Sources/FoundationEssentials/UUID_Wrappers.swift:36 _conditionallyBridgeFromObjectiveC(_:result:)
swift-foundation	predicate	~/GitHub_projects/swift-foundation/Sources/FoundationEssentials/WinSDK+Extensions.swift:282 FAILED(_:)
swift-foundation	predicate	~/GitHub_projects/swift-foundation/Sources/FoundationEssentials/WinSDK+Extensions.swift:297 SUCCEEDED(_:)
swift-foundation	round-trip	~/GitHub_projects/swift-foundation/Sources/FoundationEssentials/AttributedString/Conversion.swift:78 objectiveCValue(for:) ; ~/GitHub_projects/swift-foundation/Sources/FoundationEssentials/AttributedString/Conversion.swift:81 value(for:)
swift-foundation	round-trip	~/GitHub_projects/swift-foundation/Sources/FoundationEssentials/AttributedString/Conversion.swift:78 objectiveCValue(for:) ; ~/GitHub_projects/swift-foundation/Sources/FoundationEssentials/AttributedString/Conversion.swift:94 value(for:)
swift-foundation	round-trip	~/GitHub_projects/swift-foundation/Sources/FoundationEssentials/AttributedString/Conversion.swift:81 value(for:) ; ~/GitHub_projects/swift-foundation/Sources/FoundationEssentials/AttributedString/Conversion.swift:91 objectiveCValue(for:)
swift-foundation	round-trip	~/GitHub_projects/swift-foundation/Sources/FoundationEssentials/AttributedString/Conversion.swift:91 objectiveCValue(for:) ; ~/GitHub_projects/swift-foundation/Sources/FoundationEssentials/AttributedString/Conversion.swift:94 value(for:)
swift-foundation	round-trip	~/GitHub_projects/swift-foundation/Sources/FoundationEssentials/AttributedString/FoundationAttributes.swift:1018 objectiveCValue(for:) ; ~/GitHub_projects/swift-foundation/Sources/FoundationEssentials/AttributedString/FoundationAttributes.swift:1026 value(for:)
swift-foundation	round-trip	~/GitHub_projects/swift-foundation/Sources/FoundationEssentials/AttributedString/FoundationAttributes.swift:515 objectiveCValue(for:) ; ~/GitHub_projects/swift-foundation/Sources/FoundationEssentials/AttributedString/FoundationAttributes.swift:519 value(for:)
swift-foundation	round-trip	~/GitHub_projects/swift-foundation/Sources/FoundationEssentials/AttributedString/FoundationAttributes.swift:539 objectiveCValue(for:) ; ~/GitHub_projects/swift-foundation/Sources/FoundationEssentials/AttributedString/FoundationAttributes.swift:543 value(for:)
swift-foundation	round-trip	~/GitHub_projects/swift-foundation/Sources/FoundationEssentials/AttributedString/FoundationAttributes.swift:577 objectiveCValue(for:) ; ~/GitHub_projects/swift-foundation/Sources/FoundationEssentials/AttributedString/FoundationAttributes.swift:581 value(for:)
swift-nio	input-totality	~/GitHub_projects/swift-nio/Sources/NIOCore/Linux.swift:87 parseV2CgroupLine(_:)
swift-nio	monotonicity	~/GitHub_projects/swift-nio/Sources/NIOCore/Linux.swift:126 countCoreIds(cores:)
swift-nio	value-round-trip	~/GitHub_projects/swift-nio/Sources/NIOCore/Linux.swift:87 parseV2CgroupLine(_:)
swift-package-manager	predicate	~/GitHub_projects/swift-package-manager/Sources/Basics/KnownFolders.swift:22 SUCCEEDED(_:)
swift-syntax	idempotence	~/GitHub_projects/swift-syntax/Sources/SwiftSyntax/generated/SyntaxRewriter.swift:4335 dispatchVisit(_:)
swiftlang-swift	idempotence	~/GitHub_projects/swift/stdlib/public/core/BuiltinMath.swift:118 _cos(_:)
swiftlang-swift	idempotence	~/GitHub_projects/swift/stdlib/public/core/BuiltinMath.swift:123 _sin(_:)
swiftlang-swift	idempotence	~/GitHub_projects/swift/stdlib/public/core/BuiltinMath.swift:128 _exp(_:)
swiftlang-swift	idempotence	~/GitHub_projects/swift/stdlib/public/core/BuiltinMath.swift:133 _exp2(_:)
swiftlang-swift	idempotence	~/GitHub_projects/swift/stdlib/public/core/BuiltinMath.swift:138 _log(_:)
swiftlang-swift	idempotence	~/GitHub_projects/swift/stdlib/public/core/BuiltinMath.swift:143 _log10(_:)
swiftlang-swift	idempotence	~/GitHub_projects/swift/stdlib/public/core/BuiltinMath.swift:148 _log2(_:)
swiftlang-swift	idempotence	~/GitHub_projects/swift/stdlib/public/core/BuiltinMath.swift:153 _nearbyint(_:)
swiftlang-swift	idempotence	~/GitHub_projects/swift/stdlib/public/core/BuiltinMath.swift:158 _rint(_:)
swiftlang-swift	inverse-pair	~/GitHub_projects/swift/stdlib/public/core/EmbeddedRuntime.swift:921 loadRelaxed(_:) ; ~/GitHub_projects/swift/stdlib/public/core/VarArgs.swift:749 allocStorage(wordCount:)
swiftlang-swift	inverse-pair	~/GitHub_projects/swift/stdlib/public/core/EmbeddedRuntime.swift:925 loadAcquire(_:) ; ~/GitHub_projects/swift/stdlib/public/core/VarArgs.swift:749 allocStorage(wordCount:)
swiftlang-swift	measure-non-negativity	~/GitHub_projects/swift/stdlib/public/core/Stride.swift:443 count()
swiftlang-swift	measure-non-negativity	~/GitHub_projects/swift/stdlib/public/core/Stride.swift:665 count()
swiftlang-swift	measure-non-negativity	~/GitHub_projects/swift/stdlib/public/core/StringStorage.swift:293 count()
swiftlang-swift	predicate	~/GitHub_projects/swift/stdlib/public/core/BridgeObjectiveC.swift:712 swift_unboxFromSwiftValueWithType(_:_:)
swiftlang-swift	predicate	~/GitHub_projects/swift/stdlib/public/core/BridgeObjectiveC.swift:741 _swiftValueConformsTo(_:)
swiftlang-swift	predicate	~/GitHub_projects/swift/stdlib/public/core/Builtin.swift:399 _usesNativeSwiftReferenceCounting(_:)
