subject	run	function	location	shape	access	before	before_causes	after	after_detail
SwiftAssist	seeded	fileName(_:matches:)	Sources/SwiftAssist/Agent/SandboxLedger+SourceKind.swift:54	static-member	internal	fails:bare-call:static-member	bare-call:static-member,type-check-timeout	compiles	
SwiftAssist	seeded	formatExecResult(callID:label:result:maxLines:)	Sources/SwiftAssist/Agent/Tools/ExecTools.swift:15	free-function	internal	fails:type-check-timeout	type-check-timeout	compiles	
SwiftAssist	seeded	sandboxGateFailure(label:callID:report:)	Sources/SwiftAssist/Agent/Tools/ExecTools.swift:51	free-function	internal	fails:type-check-timeout	type-check-timeout	compiles	
SwiftAssist	seeded	translate(glob:)	Sources/SwiftAssist/Agent/Tools/FilesystemTools.swift:296	static-member	internal	fails:bare-call:static-member	bare-call:static-member,type-check-timeout	compiles	
SwiftAssist	seeded	resolve(lineCount:startLine:maxLines:cap:)	Sources/SwiftAssist/Agent/Tools/ReadWindow.swift:37	static-member	public	fails:bare-call:static-member	bare-call:static-member,other:consequential,self-in-reference-signature	compiles	
SwiftAssist	seeded	relative(_:)	Sources/SwiftAssist/Agent/WorkspaceJail.swift:72	instance-method	public	fails:missing-receiver:instance-method	missing-receiver:instance-method	compiles	
SwiftAssist	seeded	relativizingLeadingPath(in:)	Sources/SwiftAssist/Agent/WorkspaceJail.swift:90	instance-method	public	fails:missing-receiver:instance-method	missing-receiver:instance-method,type-check-timeout	compiles	
SwiftAssist	seeded	occurrenceTime(of:)	Sources/SwiftAssist/CI/CIAdapter.swift:31	static-member	internal	fails:bare-call:static-member	bare-call:static-member,todo-generator	compiles	
SwiftAssist	seeded	isConcurrencyDiagnostic(_:)	Sources/SwiftAssist/Concurrency/Swift6ConcurrencyAuditor+Diagnostics.swift:21	static-member	public	fails:bare-call:static-member	bare-call:static-member,todo-generator	compiles	
SwiftAssist	seeded	isSwift6OrLater(_:)	Sources/SwiftAssist/Concurrency/Swift6ConcurrencyAuditor+Diagnostics.swift:38	static-member	public	fails:bare-call:static-member	bare-call:static-member,type-check-timeout	compiles	
SwiftAssist	seeded	annotate(_:metadata:)	Sources/SwiftAssist/Context/ChunkAnnotator.swift:10	instance-method	public	fails:missing-receiver:instance-method	missing-receiver:instance-method,type-check-timeout	compiles	
SwiftAssist	seeded	contextWindow(for:)	Sources/SwiftAssist/Context/ContextBudgetManager.swift:44	static-member	public	fails:bare-call:static-member	bare-call:static-member,todo-generator	compiles	
SwiftAssist	seeded	isAvailable(_:)	Sources/SwiftAssist/Context/DeploymentFilter.swift:20	instance-method	public	fails:missing-receiver:instance-method	missing-receiver:instance-method	compiles	
SwiftAssist	seeded	deprecationPenalty(_:)	Sources/SwiftAssist/Context/DeploymentFilter.swift:49	instance-method	public	fails:missing-receiver:instance-method	missing-receiver:instance-method	compiles	
SwiftAssist	seeded	normalizePlatformName(_:)	Sources/SwiftAssist/Context/DeploymentFilter.swift:85	instance-method	internal	fails:missing-receiver:instance-method	missing-receiver:instance-method,type-check-timeout	compiles	
SwiftAssist	seeded	parseSegments(_:)	Sources/SwiftAssist/Coverage/CoverageReport+Parse.swift:78	static-member	private	fails:bare-call:static-member	bare-call:static-member,todo-generator	declined:access	`CoverageReport.parseSegments(_:)` cannot be called from a test: it is `private` or `fileprivate`, so no test can call it — not even with `@testable import`. Widen it to `internal` (a test target using `@testable import` will see it), or lift the logic into a type of its own.
SwiftAssist	seeded	commentText(from:)	Sources/SwiftAssist/Extension/EditorOutput.swift:23	static-member	public	fails:bare-call:static-member	bare-call:static-member,type-check-timeout	compiles	
SwiftAssist	seeded	annotatedCommentText(from:)	Sources/SwiftAssist/Extension/EditorOutput.swift:39	static-member	public	fails:bare-call:static-member	bare-call:static-member,type-check-timeout	compiles	
SwiftAssist	seeded	word(_:_:plural:)	Sources/SwiftAssist/Formatting/Plural.swift:12	static-member	public	fails:bare-call:static-member	bare-call:static-member,type-check-timeout	compiles	
SwiftAssist	seeded	swiftBlockBodies(in:)	Sources/SwiftAssist/Formatting/SwiftFormatRunner.swift:73	static-member	public	fails:bare-call:static-member	bare-call:static-member	compiles	
SwiftAssist	seeded	locateCloseFence(in:from:)	Sources/SwiftAssist/Formatting/SwiftFormatRunner.swift:127	static-member	private	fails:bare-call:static-member	bare-call:static-member,type-check-timeout	declined:access	`SwiftFormatRunner.locateCloseFence(in:from:)` cannot be called from a test: it is `private` or `fileprivate`, so no test can call it — not even with `@testable import`. Widen it to `internal` (a test target using `@testable import` will see it), or lift the logic into a type of its own.
SwiftAssist	seeded	parse(from:)	Sources/SwiftAssist/Git/GitCommit.swift:35	static-member	public	fails:bare-call:static-member	bare-call:static-member,self-in-reference-signature,type-check-timeout	compiles	
SwiftAssist	seeded	buildProseText(from:)	Sources/SwiftAssist/Indexing/AppleDocs/DocCChunker.swift:30	instance-method	private	fails:missing-receiver:instance-method	missing-receiver:instance-method,todo-generator	declined:access	`DocCChunker.buildProseText(from:)` cannot be called from a test: it is `private` or `fileprivate`, so no test can call it — not even with `@testable import`. Widen it to `internal` (a test target using `@testable import` will see it), or lift the logic into a type of its own.
SwiftAssist	seeded	demangleProtocolName(_:)	Sources/SwiftAssist/Indexing/AppleDocs/DocCChunker.swift:259	instance-method	internal	fails:missing-receiver:instance-method	missing-receiver:instance-method,type-check-timeout	compiles	
SwiftAssist	seeded	normalizePath(_:)	Sources/SwiftAssist/Indexing/AppleDocs/RemoteDocCFetcher.swift:105	instance-method	private	fails:missing-receiver:instance-method	missing-receiver:instance-method,type-check-timeout	declined:access	`RemoteDocCFetcher.normalizePath(_:)` cannot be called from a test: it is `private` or `fileprivate`, so no test can call it — not even with `@testable import`. Widen it to `internal` (a test target using `@testable import` will see it), or lift the logic into a type of its own.
SwiftAssist	seeded	reindent(_:)	Sources/SwiftAssist/Indexing/CodeBlockFormatter.swift:148	static-member	internal	fails:bare-call:static-member	bare-call:static-member,type-check-timeout	compiles	
SwiftAssist	seeded	indexesProposal(_:)	Sources/SwiftAssist/Indexing/CorpusIndexer+SwiftEvolution.swift:26	static-member	public	fails:bare-call:static-member	bare-call:static-member,todo-generator	compiles	
SwiftAssist	seeded	qualifiedPath(_:)	Sources/SwiftAssist/Indexing/GitCloneHelper.swift:51	static-member	internal	fails:bare-call:static-member	bare-call:static-member,type-check-timeout	compiles	
SwiftAssist	seeded	isCandidate(_:)	Sources/SwiftAssist/Indexing/PageFurnitureStripper.swift:62	static-member	private	fails:bare-call:static-member	bare-call:static-member	declined:access	`PageFurnitureStripper.isCandidate(_:)` cannot be called from a test: it is `private` or `fileprivate`, so no test can call it — not even with `@testable import`. Widen it to `internal` (a test target using `@testable import` will see it), or lift the logic into a type of its own.
SwiftAssist	seeded	matchKey(_:)	Sources/SwiftAssist/Indexing/RecommendedRepos.swift:70	static-member	public	fails:bare-call:static-member	bare-call:static-member,type-check-timeout	compiles	
SwiftAssist	seeded	enclosingSymbol(_:in:)	Sources/SwiftAssist/Indexing/SCIPIndexer.swift:255	instance-method	internal	fails:missing-receiver:instance-method	missing-receiver:instance-method,other:consequential,todo-generator	declined:generator	no generator derives for `Scip_Occurrence` (Cannot derive a generator for `Scip_Occurrence`: the type's user `init(...)` declarations don't support derivation — each is failable, throwing, access-restricted, parameterless, over 100 parameters, or unsafe to call with independently drawn arguments (a capacity hint, a private-storage label, or a stated precondition). Provide `static func gen() -> Generator<Scip_Occurrence, some SendableSequenceType>`.), so the oracle cannot draw its `_ occurrence:` argument — supply `static func gen()` on `Scip_Occurrence`, then re-run discover
SwiftAssist	seeded	extractName(from:)	Sources/SwiftAssist/Indexing/SCIPIndexer.swift:292	instance-method	internal	fails:missing-receiver:instance-method	missing-receiver:instance-method,type-check-timeout	compiles	
SwiftAssist	seeded	makeInsight(skill:breakers:proposalsByVersion:)	Sources/SwiftAssist/Insights/Queries/EvolutionWatchdogQuery.swift:59	static-member	internal	fails:bare-call:static-member	bare-call:static-member,other:consequential,todo-generator	declined:generator	no generator derives for `[(version: String, remediation: String?)]` (`[(version: String, remediation: String?)]` is not among the scanned types), so the oracle cannot draw its `breakers:` argument — `[(version: String, remediation: String?)]` is not a concrete type the scanned sources declare, so there is no declaration to give a `static func gen()`; write this check by hand
SwiftAssist	seeded	problems(in:)	Sources/SwiftAssist/Knowledge/Evolution/SwiftEvolutionCitationChecker.swift:49	instance-method	public	fails:missing-receiver:instance-method	missing-receiver:instance-method	compiles	
SwiftAssist	seeded	citedProposalIDs(in:)	Sources/SwiftAssist/Knowledge/Evolution/SwiftEvolutionCitationChecker.swift:61	static-member	public	fails:bare-call:static-member	bare-call:static-member	compiles	
SwiftAssist	seeded	citations(in:)	Sources/SwiftAssist/Knowledge/Evolution/SwiftEvolutionCitationChecker.swift:90	static-member	internal	fails:bare-call:static-member	bare-call:static-member,type-check-timeout,type-not-in-scope:unqualified-nested	compiles	
SwiftAssist	seeded	titlesMatch(_:_:)	Sources/SwiftAssist/Knowledge/Evolution/SwiftEvolutionCitationChecker.swift:140	static-member	internal	fails:bare-call:static-member	bare-call:static-member,type-check-timeout	compiles	
SwiftAssist	seeded	isCorpusChunk(_:)	Sources/SwiftAssist/Knowledge/Evolution/SwiftEvolutionProposal.swift:58	static-member	public	fails:bare-call:static-member	bare-call:static-member,type-check-timeout	compiles	
SwiftAssist	seeded	bundledProblems(in:)	Sources/SwiftAssist/Knowledge/Evolution/SwiftEvolutionSnapshot+Bundled.swift:47	static-member	public	fails:bare-call:static-member	bare-call:static-member	compiles	
SwiftAssist	seeded	visit(_:from:target:visited:frontier:)	Sources/SwiftAssist/Knowledge/SkillGraphStore+Queries.swift:109	static-member	private	fails:bare-call:static-member	bare-call:static-member,type-check-timeout	declined:access	`SkillGraphStore.visit(_:from:target:visited:frontier:)` cannot be called from a test: it is `private` or `fileprivate`, so no test can call it — not even with `@testable import`. Widen it to `internal` (a test target using `@testable import` will see it), or lift the logic into a type of its own.
SwiftAssist	seeded	correlation(for:)	Sources/SwiftAssist/Learning/BeadCorrelation.swift:32	static-member	public	fails:bare-call:static-member	bare-call:static-member,todo-generator	compiles	
SwiftAssist	seeded	revisionPromptSummary(limit:)	Sources/SwiftAssist/Linting/SwiftLintRunner.swift:71	instance-method	public	fails:missing-receiver:instance-method	missing-receiver:instance-method	compiles	
SwiftAssist	seeded	resolveAlias(_:in:)	Sources/SwiftAssist/Models/ModelCatalog.swift:382	static-member	public	fails:bare-call:static-member	bare-call:static-member,type-check-timeout	declined:generator	no generator derives for `ModelStack` (Cannot derive a generator for `ModelStack`: no user `init(...)` derives — `init(id:nano:small:large:allowsPressureDowngrade:memoryPressure:editorTierOverrides:timeoutScale:wallClockScale:unloadBetweenEvalFixtures:smallPromptWindow:)` takes `nano: ModelSpec`, which resolves to no generator. Provide `static func gen() -> Generator<ModelStack, some SendableSequenceType>`.), so the oracle cannot draw its `in:` argument — supply `static func gen()` on `ModelStack`, then re-run discover
SwiftAssist	seeded	gibibytes(_:)	Sources/SwiftAssist/Models/ModelStackResolver.swift:149	static-member	internal	fails:bare-call:static-member	bare-call:static-member	compiles	
SwiftAssist	seeded	resolve(physicalMemory:config:flag:)	Sources/SwiftAssist/Models/ModelStackResolver.swift:170	static-member	public	fails:bare-call:static-member	bare-call:static-member,other:consequential,todo-generator	compiles	
SwiftAssist	seeded	applyTiers(_:to:diagnostics:)	Sources/SwiftAssist/Models/ModelStackResolver.swift:221	static-member	private	fails:bare-call:static-member	bare-call:static-member,other:consequential,todo-generator	declined:access	`ModelStackResolver.applyTiers(_:to:diagnostics:)` cannot be called from a test: it is `private` or `fileprivate`, so no test can call it — not even with `@testable import`. Widen it to `internal` (a test target using `@testable import` will see it), or lift the logic into a type of its own.
SwiftAssist	seeded	isInstalled(_:in:)	Sources/SwiftAssist/Ollama/OllamaModelMatching.swift:17	static-member	public	fails:bare-call:static-member	bare-call:static-member,type-check-timeout	compiles	
SwiftAssist	seeded	parseLocalPackagePaths(_:)	Sources/SwiftAssist/PackageSwift/PackageSwiftParser.swift:248	instance-method	private	fails:missing-receiver:instance-method	missing-receiver:instance-method,todo-generator	declined:access	`PackageVisitor.parseLocalPackagePaths(_:)` cannot be called from a test: its enclosing type or extension is `private` or `fileprivate`, so no test can name it — and widening this declaration alone would be a no-op, because the enclosing scope is what blocks it. Widen that scope first, or lift the logic out of it.
SwiftAssist	seeded	testArguments(filter:)	Sources/SwiftAssist/Reflection/BuildRunner.swift:82	static-member	internal	fails:bare-call:static-member	bare-call:static-member	compiles	
SwiftAssist	seeded	parseDiagnostics(from:)	Sources/SwiftAssist/Reflection/BuildRunner.swift:90	static-member	public	fails:bare-call:static-member	bare-call:static-member,type-check-timeout,type-not-in-scope:unqualified-nested	compiles	
SwiftAssist	seeded	removingTerminalEscapes(from:)	Sources/SwiftAssist/Reflection/BuildRunner.swift:183	static-member	internal	fails:bare-call:static-member	bare-call:static-member	compiles	
SwiftAssist	seeded	codeSection(_:markdown:)	Sources/SwiftAssist/Reflection/SelfReflectionEngine+Prompts.swift:144	static-member	internal	fails:bare-call:static-member	bare-call:static-member,type-check-timeout	compiles	
SwiftAssist	seeded	focusAreasSection(analysis:)	Sources/SwiftAssist/Reflection/SelfReflectionEngine+Prompts.swift:186	static-member	internal	fails:bare-call:static-member	bare-call:static-member,todo-generator	compiles	
SwiftAssist	seeded	path(_:)	Sources/SwiftAssist/Resources/SwiftAssistPaths.swift:20	static-member	public	fails:bare-call:static-member	bare-call:static-member	compiles	
SwiftAssist	seeded	deadline(forPrompt:maxTokens:)	Sources/SwiftAssist/Routing/ModelRouter.swift:29	instance-method	public	fails:missing-receiver:instance-method	missing-receiver:instance-method,type-check-timeout	declined:generator	no generator derives for `ModelRouter.RouteResult` (Cannot derive a generator for `ModelRouter.RouteResult`: stored property `model: ModelID` resolves to no generator — `ModelID` is not a recognized stdlib type (memberwise derivation supports Int/String/Bool/Double/Float, the fixed-width integer family, Character, and Date, plus optionals, arrays, sets, and dictionaries of those), and no generator could be derived for it from the types in scope. Provide `static func gen() -> Generator<ModelRouter.RouteResult, some SendableSequenceType>`.), so the oracle cannot draw its receiver — supply `static func gen()` on `ModelRouter.RouteResult`, then re-run discover
SwiftAssist	seeded	backgroundDeadline(forPrompt:)	Sources/SwiftAssist/Routing/ModelRouter.swift:75	instance-method	public	fails:missing-receiver:instance-method	missing-receiver:instance-method	declined:generator	no generator derives for `ModelRouter.RouteResult` (Cannot derive a generator for `ModelRouter.RouteResult`: stored property `model: ModelID` resolves to no generator — `ModelID` is not a recognized stdlib type (memberwise derivation supports Int/String/Bool/Double/Float, the fixed-width integer family, Character, and Date, plus optionals, arrays, sets, and dictionaries of those), and no generator could be derived for it from the types in scope. Provide `static func gen() -> Generator<ModelRouter.RouteResult, some SendableSequenceType>`.), so the oracle cannot draw its receiver — supply `static func gen()` on `ModelRouter.RouteResult`, then re-run discover
SwiftAssist	seeded	inSourceOrder(_:)	Sources/SwiftAssist/Security/CodeSandbox.swift:59	static-member	internal	fails:bare-call:static-member	bare-call:static-member,todo-generator,type-not-in-scope:unqualified-nested	compiles	
SwiftAssist	seeded	requirementMet(_:in:)	Sources/SwiftAssist/Security/CodeSandbox.swift:97	static-member	internal	fails:bare-call:static-member	bare-call:static-member,other:consequential,todo-generator,type-not-in-scope:unqualified-nested	declined:generator	no generator derives for `CodeSandbox.PatternDef` (Cannot derive a generator for `CodeSandbox.PatternDef`: no user `init(...)` derives — `init(match:scope:leading:wordEnd:allows:requiresAnyOf:)` takes `allows: (@Sendable (ArraySlice<Unicode.Scalar>) -> Bool)?`, which resolves to no generator because `(@Sendable (ArraySlice<Unicode.Scalar>) -> Bool)` does not. Provide `static func gen() -> Generator<CodeSandbox.PatternDef, some SendableSequenceType>`.), so the oracle cannot draw its `_ pattern:` argument — supply `static func gen()` on `CodeSandbox.PatternDef`, then re-run discover
SwiftAssist	seeded	isWriteInsideProject(_:in:projectRoot:)	Sources/SwiftAssist/Security/CodeSandbox.swift:160	instance-method	internal	fails:missing-receiver:instance-method	missing-receiver:instance-method,type-check-timeout	declined:generator	no generator derives for `Range<Int>` (`Range<Int>` is not among the scanned types), so the oracle cannot draw its `_ range:` argument — `Range<Int>` is not a concrete type the scanned sources declare, so there is no declaration to give a `static func gen()`; write this check by hand
SwiftAssist	seeded	callArgumentRange(at:in:)	Sources/SwiftAssist/Security/CodeSandbox.swift:186	static-member	internal	fails:bare-call:static-member	bare-call:static-member,other:consequential,todo-generator	declined:generator	no generator derives for `Range<Int>` (`Range<Int>` is not among the scanned types), so the oracle cannot draw its `at:` argument — `Range<Int>` is not a concrete type the scanned sources declare, so there is no declaration to give a `static func gen()`; write this check by hand
SwiftAssist	seeded	plainStringContent(of:)	Sources/SwiftAssist/Security/CodeSandbox.swift:202	static-member	internal	fails:bare-call:static-member	bare-call:static-member,type-check-timeout	compiles	
SwiftAssist	seeded	extendedLength(in:at:hashes:)	Sources/SwiftAssist/Security/SwiftSourceScanner+Support.swift:86	static-member	internal	fails:bare-call:static-member	bare-call:static-member,other:consequential	compiles	
SwiftAssist	seeded	bareLength(in:at:previousIndex:)	Sources/SwiftAssist/Security/SwiftSourceScanner+Support.swift:112	static-member	internal	fails:bare-call:static-member	bare-call:static-member,other:consequential	compiles	
SwiftAssist	seeded	closingSlash(in:after:)	Sources/SwiftAssist/Security/SwiftSourceScanner+Support.swift:162	static-member	private	fails:bare-call:static-member	bare-call:static-member,other:consequential	declined:access	`SwiftRegexLiteral.closingSlash(in:after:)` cannot be called from a test: it is `private` or `fileprivate`, so no test can call it — not even with `@testable import`. Widen it to `internal` (a test target using `@testable import` will see it), or lift the logic into a type of its own.
SwiftAssist	seeded	reportsUnlexedMatch(onLine:)	Sources/SwiftAssist/Security/SwiftSourceScanner.swift:65	instance-method	internal	fails:missing-receiver:instance-method	missing-receiver:instance-method	compiles	
SwiftAssist	seeded	escapesPreservedKeyword(_:backtickAt:)	Sources/SwiftAssist/Security/SwiftSourceScanner.swift:262	static-member	internal	fails:bare-call:static-member	bare-call:static-member,other:consequential	compiles	
SwiftAssist	seeded	extractSkillIDs(from:)	Sources/SwiftAssist/Skills/Authoring/PatternMarkdownParser.swift:77	static-member	internal	fails:bare-call:static-member	bare-call:static-member	compiles	
SwiftAssist	seeded	extractTier(from:)	Sources/SwiftAssist/Skills/Authoring/PatternMarkdownParser.swift:150	static-member	internal	fails:bare-call:static-member	bare-call:static-member	compiles	
SwiftAssist	seeded	extractBool(from:)	Sources/SwiftAssist/Skills/Authoring/PatternMarkdownParser.swift:158	static-member	internal	fails:bare-call:static-member	bare-call:static-member,type-check-timeout	compiles	
SwiftAssist	seeded	extractValue(from:)	Sources/SwiftAssist/Skills/Authoring/PatternMarkdownParser.swift:166	static-member	internal	fails:bare-call:static-member	bare-call:static-member,type-check-timeout	compiles	
SwiftAssist	seeded	extractKeywords(from:)	Sources/SwiftAssist/Skills/Authoring/PatternMarkdownParser.swift:172	static-member	internal	fails:bare-call:static-member	bare-call:static-member,type-check-timeout	compiles	
SwiftAssist	seeded	extractSERefs(from:)	Sources/SwiftAssist/Skills/Authoring/PatternMarkdownParser.swift:181	static-member	internal	fails:bare-call:static-member	bare-call:static-member,type-check-timeout	compiles	
SwiftAssist	seeded	comparisonPrompt(pair:promptA:promptB:)	Sources/SwiftAssist/Skills/Conflict/SkillConflictDetector+Pipeline.swift:127	static-member	internal	fails:bare-call:static-member	bare-call:static-member,type-check-timeout	compiles	
SwiftAssist	seeded	setting(_:toJSON:in:)	Sources/SwiftAssist/Skills/Linting/SkillLinterFixer+TextEdit.swift:13	static-member	internal	fails:bare-call:static-member	bare-call:static-member,type-check-timeout	compiles	
SwiftAssist	seeded	valueEnd(from:in:)	Sources/SwiftAssist/Skills/Linting/SkillLinterFixer+TextEdit.swift:59	static-member	private	fails:bare-call:static-member	bare-call:static-member,type-check-timeout	declined:access	`SkillLinterFixer.valueEnd(from:in:)` cannot be called from a test: it is `private` or `fileprivate`, so no test can call it — not even with `@testable import`. Widen it to `internal` (a test target using `@testable import` will see it), or lift the logic into a type of its own.
SwiftAssist	seeded	edited(_:to:)	Sources/SwiftAssist/Skills/Linting/SkillLinterFixer.swift:60	static-member	private	fails:bare-call:static-member	bare-call:static-member,other:consequential,todo-generator	declined:access	`SkillLinterFixer.edited(_:to:)` cannot be called from a test: it is `private` or `fileprivate`, so no test can call it — not even with `@testable import`. Widen it to `internal` (a test target using `@testable import` will see it), or lift the logic into a type of its own.
SwiftAssist	seeded	keywordScore(queryKeywords:triggerKeywords:)	Sources/SwiftAssist/Skills/Matching/SkillScoring.swift:22	static-member	public	fails:bare-call:static-member	bare-call:static-member,type-check-timeout	compiles	
SwiftAssist	seeded	confidence(keywordScore:conceptScore:weights:)	Sources/SwiftAssist/Skills/Matching/SkillScoring.swift:39	static-member	public	fails:bare-call:static-member	bare-call:static-member,other:consequential,todo-generator	compiles	
SwiftAssist	seeded	countMatches(of:in:)	Sources/SwiftAssist/Thinking/ThinkingAnalyzer.swift:82	static-member	internal	fails:bare-call:static-member	bare-call:static-member,type-check-timeout	compiles	
SwiftAssist	seeded	occurrenceCount(of:in:)	Sources/SwiftAssist/Thinking/ThinkingAnalyzer.swift:93	static-member	private	fails:bare-call:static-member	bare-call:static-member,type-check-timeout	declined:access	`ThinkingAnalyzer.occurrenceCount(of:in:)` cannot be called from a test: it is `private` or `fileprivate`, so no test can call it — not even with `@testable import`. Widen it to `internal` (a test target using `@testable import` will see it), or lift the logic into a type of its own.
SwiftAssist	seeded	extractRejectedApproaches(from:)	Sources/SwiftAssist/Thinking/ThinkingAnalyzer.swift:124	static-member	internal	fails:bare-call:static-member	bare-call:static-member	compiles	
SwiftAssist	seeded	splitIntoSentences(_:)	Sources/SwiftAssist/Thinking/ThinkingAnalyzer.swift:159	static-member	internal	fails:bare-call:static-member	bare-call:static-member,type-check-timeout	compiles	
SwiftAssist	seeded	makeID(from:)	Sources/SwiftAssist/Thinking/ThinkingAntiPatternIngester.swift:85	static-member	internal	fails:bare-call:static-member	bare-call:static-member,type-check-timeout	compiles	
SwiftAssist	seeded	extractKeywords(from:)	Sources/SwiftAssist/Thinking/ThinkingAntiPatternIngester.swift:100	static-member	internal	fails:bare-call:static-member	bare-call:static-member	compiles	
SwiftAssist	seeded	stripNumberedPrefix(_:expectedOrdinal:)	Sources/SwiftAssist/Thinking/ThinkingRecipeExtractor.swift:98	static-member	private	fails:bare-call:static-member	bare-call:static-member,type-check-timeout	declined:access	`ThinkingRecipeExtractor.stripNumberedPrefix(_:expectedOrdinal:)` cannot be called from a test: it is `private` or `fileprivate`, so no test can call it — not even with `@testable import`. Widen it to `internal` (a test target using `@testable import` will see it), or lift the logic into a type of its own.
SwiftAssist	seeded	makeID(from:)	Sources/SwiftAssist/Thinking/ThinkingRecipeIngester.swift:97	static-member	internal	fails:bare-call:static-member	bare-call:static-member,type-check-timeout	compiles	
SwiftAssist	seeded	encodeSnapshot(_:)	Sources/SwiftAssist/Workspace/WorkspaceIndexer+Incremental.swift:82	static-member	internal	fails:bare-call:static-member	bare-call:static-member,todo-generator	fails:generator-other	line 23: no exact matches in call to initializer
SwiftAssist	seeded	belongsToPackage(_:roots:)	Sources/SwiftAssist/Workspace/WorkspaceIndexer+PackageScope.swift:96	static-member	internal	fails:bare-call:static-member	bare-call:static-member,type-check-timeout	compiles	
SwiftAssist	unseeded	fileName(_:matches:)	Sources/SwiftAssist/Agent/SandboxLedger+SourceKind.swift:54	static-member	internal	fails:bare-call:static-member	bare-call:static-member,type-check-timeout	compiles	
SwiftAssist	unseeded	translate(glob:)	Sources/SwiftAssist/Agent/Tools/FilesystemTools.swift:296	static-member	internal	fails:bare-call:static-member	bare-call:static-member,type-check-timeout	compiles	
SwiftAssist	unseeded	resolve(_:)	Sources/SwiftAssist/Agent/WorkspaceJail.swift:40	instance-method	public	fails:missing-receiver:instance-method	missing-receiver:instance-method,type-check-timeout	compiles	
SwiftAssist	unseeded	relative(_:)	Sources/SwiftAssist/Agent/WorkspaceJail.swift:72	instance-method	public	fails:missing-receiver:instance-method	missing-receiver:instance-method	compiles	
SwiftAssist	unseeded	relativizingLeadingPath(in:)	Sources/SwiftAssist/Agent/WorkspaceJail.swift:90	instance-method	public	fails:missing-receiver:instance-method	missing-receiver:instance-method,type-check-timeout	compiles	
SwiftAssist	unseeded	priority(for:)	Sources/SwiftAssist/Bootstrap/SkillGapDetector.swift:149	instance-method	private	fails:missing-receiver:instance-method	missing-receiver:instance-method,todo-generator	declined:access	`SkillGapDetector.priority(for:)` cannot be called from a test: it is `private` or `fileprivate`, so no test can call it — not even with `@testable import`. Widen it to `internal` (a test target using `@testable import` will see it), or lift the logic into a type of its own.
SwiftAssist	unseeded	occurrenceTime(of:)	Sources/SwiftAssist/CI/CIAdapter.swift:31	static-member	internal	fails:bare-call:static-member	bare-call:static-member,todo-generator	compiles	
SwiftAssist	unseeded	isConcurrencyDiagnostic(_:)	Sources/SwiftAssist/Concurrency/Swift6ConcurrencyAuditor+Diagnostics.swift:21	static-member	public	fails:bare-call:static-member	bare-call:static-member,todo-generator	compiles	
SwiftAssist	unseeded	isSwift6OrLater(_:)	Sources/SwiftAssist/Concurrency/Swift6ConcurrencyAuditor+Diagnostics.swift:38	static-member	public	fails:bare-call:static-member	bare-call:static-member,type-check-timeout	compiles	
SwiftAssist	unseeded	contextWindow(for:)	Sources/SwiftAssist/Context/ContextBudgetManager.swift:44	static-member	public	fails:bare-call:static-member	bare-call:static-member,todo-generator	compiles	
SwiftAssist	unseeded	isAvailable(_:)	Sources/SwiftAssist/Context/DeploymentFilter.swift:20	instance-method	public	fails:missing-receiver:instance-method	missing-receiver:instance-method	compiles	
SwiftAssist	unseeded	deprecationPenalty(_:)	Sources/SwiftAssist/Context/DeploymentFilter.swift:49	instance-method	public	fails:missing-receiver:instance-method	missing-receiver:instance-method	compiles	
SwiftAssist	unseeded	normalizePlatformName(_:)	Sources/SwiftAssist/Context/DeploymentFilter.swift:85	instance-method	internal	fails:missing-receiver:instance-method	missing-receiver:instance-method,type-check-timeout	compiles	
SwiftAssist	unseeded	trustRerank(_:)	Sources/SwiftAssist/Context/Sources/RAGContextSource.swift:165	instance-method	internal	fails:missing-receiver:instance-method	missing-receiver:instance-method,todo-generator	declined:generator	no generator derives for `RAGContextSource` (Cannot derive a generator for `RAGContextSource`: no user `init(...)` derives — `init(name:store:backend:embeddingModel:topK:maxChunksPerDocument:candidatePool:preferredSourceTypes:annotator:deploymentFilter:opensDocument:)` takes `store: VectorStore`, which resolves to no generator. Provide `static func gen() -> Generator<RAGContextSource, some SendableSequenceType>`.), so the oracle cannot draw its receiver — supply `static func gen()` on `RAGContextSource`, then re-run discover
SwiftAssist	unseeded	parse(from:)	Sources/SwiftAssist/Coverage/CoverageReport+Parse.swift:15	static-member	public	fails:bare-call:static-member	bare-call:static-member	compiles	
SwiftAssist	unseeded	commentText(from:)	Sources/SwiftAssist/Extension/EditorOutput.swift:23	static-member	public	fails:bare-call:static-member	bare-call:static-member,type-check-timeout	compiles	
SwiftAssist	unseeded	parse(from:)	Sources/SwiftAssist/Git/GitCommit.swift:35	static-member	public	fails:bare-call:static-member	bare-call:static-member,self-in-reference-signature,type-check-timeout	compiles	
SwiftAssist	unseeded	pruneCMacroPages(store:)	Sources/SwiftAssist/Indexing/AppleDocs/AppleDocsIngester+Pruning.swift:29	instance-method	public	fails:missing-receiver:instance-method	missing-receiver:instance-method,todo-generator	declined:generator	no generator derives for `AppleDocsIngester` (Cannot derive a generator for `AppleDocsIngester`: memberwise derivation supports structs only (class/actor reference semantics complicate the synthesized-init contract). Provide `static func gen() -> Generator<AppleDocsIngester, some SendableSequenceType>`.), so the oracle cannot draw its receiver — supply `static func gen()` on `AppleDocsIngester`, then re-run discover
SwiftAssist	unseeded	buildProseText(from:)	Sources/SwiftAssist/Indexing/AppleDocs/DocCChunker.swift:30	instance-method	private	fails:missing-receiver:instance-method	missing-receiver:instance-method,todo-generator	declined:access	`DocCChunker.buildProseText(from:)` cannot be called from a test: it is `private` or `fileprivate`, so no test can call it — not even with `@testable import`. Widen it to `internal` (a test target using `@testable import` will see it), or lift the logic into a type of its own.
SwiftAssist	unseeded	demangleProtocolName(_:)	Sources/SwiftAssist/Indexing/AppleDocs/DocCChunker.swift:259	instance-method	internal	fails:missing-receiver:instance-method	missing-receiver:instance-method,type-check-timeout	compiles	
SwiftAssist	unseeded	normalizePath(_:)	Sources/SwiftAssist/Indexing/AppleDocs/RemoteDocCFetcher.swift:105	instance-method	private	fails:missing-receiver:instance-method	missing-receiver:instance-method,type-check-timeout	declined:access	`RemoteDocCFetcher.normalizePath(_:)` cannot be called from a test: it is `private` or `fileprivate`, so no test can call it — not even with `@testable import`. Widen it to `internal` (a test target using `@testable import` will see it), or lift the logic into a type of its own.
SwiftAssist	unseeded	reindent(_:)	Sources/SwiftAssist/Indexing/CodeBlockFormatter.swift:148	static-member	internal	fails:bare-call:static-member	bare-call:static-member,type-check-timeout	compiles	
SwiftAssist	unseeded	indexesProposal(_:)	Sources/SwiftAssist/Indexing/CorpusIndexer+SwiftEvolution.swift:26	static-member	public	fails:bare-call:static-member	bare-call:static-member,todo-generator	compiles	
SwiftAssist	unseeded	qualifiedPath(_:)	Sources/SwiftAssist/Indexing/GitCloneHelper.swift:51	static-member	internal	fails:bare-call:static-member	bare-call:static-member,type-check-timeout	compiles	
SwiftAssist	unseeded	isCandidate(_:)	Sources/SwiftAssist/Indexing/PageFurnitureStripper.swift:62	static-member	private	fails:bare-call:static-member	bare-call:static-member	declined:access	`PageFurnitureStripper.isCandidate(_:)` cannot be called from a test: it is `private` or `fileprivate`, so no test can call it — not even with `@testable import`. Widen it to `internal` (a test target using `@testable import` will see it), or lift the logic into a type of its own.
SwiftAssist	unseeded	matchKey(_:)	Sources/SwiftAssist/Indexing/RecommendedRepos.swift:70	static-member	public	fails:bare-call:static-member	bare-call:static-member,type-check-timeout	compiles	
SwiftAssist	unseeded	extractName(from:)	Sources/SwiftAssist/Indexing/SCIPIndexer.swift:292	instance-method	internal	fails:missing-receiver:instance-method	missing-receiver:instance-method,type-check-timeout	compiles	
SwiftAssist	unseeded	isCorpusChunk(_:)	Sources/SwiftAssist/Knowledge/Evolution/SwiftEvolutionProposal.swift:58	static-member	public	fails:bare-call:static-member	bare-call:static-member,type-check-timeout	compiles	
SwiftAssist	unseeded	populateAntiPatternNodes(graph:)	Sources/SwiftAssist/Knowledge/KnowledgeGraphBuilder+Seeds.swift:91	instance-method	public	fails:missing-receiver:instance-method	missing-receiver:instance-method,todo-generator	declined:generator	no generator derives for `KnowledgeGraphBuilder` (Cannot derive a generator for `KnowledgeGraphBuilder`: no user `init(...)` derives — `init(stack:)` takes `stack: ModelStack`, which resolves to no generator. Provide `static func gen() -> Generator<KnowledgeGraphBuilder, some SendableSequenceType>`.), so the oracle cannot draw its receiver — supply `static func gen()` on `KnowledgeGraphBuilder`, then re-run discover
SwiftAssist	unseeded	removePolicies(source:)	Sources/SwiftAssist/Knowledge/PolicyGraphStore.swift:53	instance-method	public	fails:missing-receiver:instance-method	missing-receiver:instance-method,type-check-timeout	declined:generator	no generator derives for `PolicyGraphStore` (Cannot derive a generator for `PolicyGraphStore`: memberwise derivation supports structs only (class/actor reference semantics complicate the synthesized-init contract). Provide `static func gen() -> Generator<PolicyGraphStore, some SendableSequenceType>`.), so the oracle cannot draw its receiver — supply `static func gen()` on `PolicyGraphStore`, then re-run discover
SwiftAssist	unseeded	parse(configFileURL:)	Sources/SwiftAssist/Linting/SwiftLintConfigParser.swift:47	instance-method	public	fails:missing-receiver:instance-method	missing-receiver:instance-method	compiles	
SwiftAssist	unseeded	applyTiers(_:to:diagnostics:)	Sources/SwiftAssist/Models/ModelStackResolver.swift:221	static-member	private	fails:bare-call:static-member	bare-call:static-member,other:consequential,todo-generator	declined:access	`ModelStackResolver.applyTiers(_:to:diagnostics:)` cannot be called from a test: it is `private` or `fileprivate`, so no test can call it — not even with `@testable import`. Widen it to `internal` (a test target using `@testable import` will see it), or lift the logic into a type of its own.
SwiftAssist	unseeded	isInstalled(_:in:)	Sources/SwiftAssist/Ollama/OllamaModelMatching.swift:17	static-member	public	fails:bare-call:static-member	bare-call:static-member,type-check-timeout	compiles	
SwiftAssist	unseeded	parseDiagnostics(from:)	Sources/SwiftAssist/Reflection/BuildRunner.swift:90	static-member	public	fails:bare-call:static-member	bare-call:static-member,type-check-timeout,type-not-in-scope:unqualified-nested	compiles	
SwiftAssist	unseeded	removingTerminalEscapes(from:)	Sources/SwiftAssist/Reflection/BuildRunner.swift:183	static-member	internal	fails:bare-call:static-member	bare-call:static-member	compiles	
SwiftAssist	unseeded	recommend(forTier:)	Sources/SwiftAssist/Resources/ResourceGovernor.swift:90	instance-method	public	fails:missing-receiver:instance-method	missing-receiver:instance-method,todo-generator	declined:generator	no generator derives for `ResourceGovernor` (Cannot derive a generator for `ResourceGovernor`: memberwise derivation supports structs only (class/actor reference semantics complicate the synthesized-init contract). Provide `static func gen() -> Generator<ResourceGovernor, some SendableSequenceType>`.), so the oracle cannot draw its receiver — supply `static func gen()` on `ResourceGovernor`, then re-run discover
SwiftAssist	unseeded	responseText(for:)	Sources/SwiftAssist/Routing/ModelRouter.swift:58	instance-method	public	fails:missing-receiver:instance-method	missing-receiver:instance-method	declined:generator	no generator derives for `ModelRouter.RouteResult` (Cannot derive a generator for `ModelRouter.RouteResult`: stored property `model: ModelID` resolves to no generator — `ModelID` is not a recognized stdlib type (memberwise derivation supports Int/String/Bool/Double/Float, the fixed-width integer family, Character, and Date, plus optionals, arrays, sets, and dictionaries of those), and no generator could be derived for it from the types in scope. Provide `static func gen() -> Generator<ModelRouter.RouteResult, some SendableSequenceType>`.), so the oracle cannot draw its receiver — supply `static func gen()` on `ModelRouter.RouteResult`, then re-run discover
SwiftAssist	unseeded	requirementMet(_:in:)	Sources/SwiftAssist/Security/CodeSandbox.swift:97	static-member	internal	fails:bare-call:static-member	bare-call:static-member,other:consequential,todo-generator,type-not-in-scope:unqualified-nested	declined:generator	no generator derives for `CodeSandbox.PatternDef` (Cannot derive a generator for `CodeSandbox.PatternDef`: no user `init(...)` derives — `init(match:scope:leading:wordEnd:allows:requiresAnyOf:)` takes `allows: (@Sendable (ArraySlice<Unicode.Scalar>) -> Bool)?`, which resolves to no generator because `(@Sendable (ArraySlice<Unicode.Scalar>) -> Bool)` does not. Provide `static func gen() -> Generator<CodeSandbox.PatternDef, some SendableSequenceType>`.), so the oracle cannot draw its `_ pattern:` argument — supply `static func gen()` on `CodeSandbox.PatternDef`, then re-run discover
SwiftAssist	unseeded	isWriteInsideProject(_:in:projectRoot:)	Sources/SwiftAssist/Security/CodeSandbox.swift:160	instance-method	internal	fails:missing-receiver:instance-method	missing-receiver:instance-method,type-check-timeout	declined:generator	no generator derives for `Range<Int>` (`Range<Int>` is not among the scanned types), so the oracle cannot draw its `_ range:` argument — `Range<Int>` is not a concrete type the scanned sources declare, so there is no declaration to give a `static func gen()`; write this check by hand
SwiftAssist	unseeded	reportsUnlexedMatch(onLine:)	Sources/SwiftAssist/Security/SwiftSourceScanner.swift:65	instance-method	internal	fails:missing-receiver:instance-method	missing-receiver:instance-method	compiles	
SwiftAssist	unseeded	escapesPreservedKeyword(_:backtickAt:)	Sources/SwiftAssist/Security/SwiftSourceScanner.swift:262	static-member	internal	fails:bare-call:static-member	bare-call:static-member,other:consequential	compiles	
SwiftAssist	unseeded	extractTier(from:)	Sources/SwiftAssist/Skills/Authoring/PatternMarkdownParser.swift:150	static-member	internal	fails:bare-call:static-member	bare-call:static-member	compiles	
SwiftAssist	unseeded	extractValue(from:)	Sources/SwiftAssist/Skills/Authoring/PatternMarkdownParser.swift:166	static-member	internal	fails:bare-call:static-member	bare-call:static-member,type-check-timeout	compiles	
SwiftAssist	unseeded	fix(skillID:jsonData:findings:promptContent:patternContent:)	Sources/SwiftAssist/Skills/Linting/SkillLinterFixer.swift:16	static-member	public	fails:bare-call:static-member	bare-call:static-member,type-check-timeout,type-not-in-scope:unqualified-nested	declined:equatable	fix(skillID:jsonData:findings:promptContent:patternContent:) returns FixResult?, and no scanned declaration makes SkillLinterFixer.FixResult Equatable, so `==` cannot compare two results
SwiftAssist	unseeded	edited(_:to:)	Sources/SwiftAssist/Skills/Linting/SkillLinterFixer.swift:60	static-member	private	fails:bare-call:static-member	bare-call:static-member,other:consequential,todo-generator	declined:access	`SkillLinterFixer.edited(_:to:)` cannot be called from a test: it is `private` or `fileprivate`, so no test can call it — not even with `@testable import`. Widen it to `internal` (a test target using `@testable import` will see it), or lift the logic into a type of its own.
SwiftAssist	unseeded	makeID(from:)	Sources/SwiftAssist/Thinking/ThinkingAntiPatternIngester.swift:85	static-member	internal	fails:bare-call:static-member	bare-call:static-member,type-check-timeout	compiles	
SwiftAssist	unseeded	makeID(from:)	Sources/SwiftAssist/Thinking/ThinkingRecipeIngester.swift:97	static-member	internal	fails:bare-call:static-member	bare-call:static-member,type-check-timeout	compiles	
SwiftAssist	unseeded	belongsToPackage(_:roots:)	Sources/SwiftAssist/Workspace/WorkspaceIndexer+PackageScope.swift:96	static-member	internal	fails:bare-call:static-member	bare-call:static-member,type-check-timeout	compiles	
swift-format	seeded	indentationDistance(of:)	Sources/SwiftFormat/Core/DocumentationCommentText.swift:157	free-function	private	fails:inaccessible	inaccessible	declined:access	`indentationDistance(of:)` cannot be called from a test: it is `private` or `fileprivate`, so no test can call it — not even with `@testable import`. Widen it to `internal` (a test target using `@testable import` will see it), or lift the logic into a type of its own.
swift-format	seeded	contiguousWhitespace(in:before:)	Sources/SwiftFormat/Core/DocumentationCommentText.swift:166	free-function	private	fails:inaccessible	inaccessible,other:consequential,todo-generator	declined:access	`contiguousWhitespace(in:before:)` cannot be called from a test: it is `private` or `fileprivate`, so no test can call it — not even with `@testable import`. Widen it to `internal` (a test target using `@testable import` will see it), or lift the logic into a type of its own.
swift-format	seeded	asciiArtLength(of:leadingSpaces:)	Sources/SwiftFormat/Core/DocumentationCommentText.swift:185	free-function	private	fails:inaccessible	gen-frequency-needs-swift6.2-mode,inaccessible	declined:access	`asciiArtLength(of:leadingSpaces:)` cannot be called from a test: it is `private` or `fileprivate`, so no test can call it — not even with `@testable import`. Widen it to `internal` (a test target using `@testable import` will see it), or lift the logic into a type of its own.
swift-format	seeded	contains(anyOf:)	Sources/SwiftFormat/Core/ModifierListSyntax+Convenience.swift:31	instance-method	internal	fails:missing-receiver:instance-method	missing-receiver:instance-method,todo-generator	declined:generator	no generator derives for `DeclModifierListSyntax` (`DeclModifierListSyntax` is not among the scanned types), so the oracle cannot draw its receiver — `DeclModifierListSyntax` is not a concrete type the scanned sources declare, so there is no declaration to give a `static func gen()`; write this check by hand
swift-format	seeded	loneLineComments(in:isFirstToken:)	Sources/SwiftFormat/Core/RuleMask.swift:256	instance-method	private	fails:missing-receiver:instance-method	missing-receiver:instance-method,other:consequential,todo-generator	declined:access	`RuleStatusCollectionVisitor.loneLineComments(in:isFirstToken:)` cannot be called from a test: its enclosing type or extension is `private` or `fileprivate`, so no test can name it — and widening this declaration alone would be a no-op, because the enclosing scope is what blocks it. Widen that scope first, or lift the logic out of it.
swift-format	seeded	isWhitespace(_:)	Sources/SwiftFormat/Core/Trivia+Convenience.swift:42	static-member	private	fails:bare-call:static-member	bare-call:static-member,todo-generator	declined:access	`Trivia.isWhitespace(_:)` cannot be called from a test: it is `private` or `fileprivate`, so no test can call it — not even with `@testable import`. Widen it to `internal` (a test target using `@testable import` will see it), or lift the logic into a type of its own.
swift-format	seeded	shouldHandleCommaDelimitedRegion(isCollection:)	Sources/SwiftFormat/PrettyPrint/PrettyPrint.swift:747	instance-method	private	fails:missing-receiver:instance-method	missing-receiver:instance-method	declined:access	`PrettyPrinter.shouldHandleCommaDelimitedRegion(isCollection:)` cannot be called from a test: it is `private` or `fileprivate`, so no test can call it — not even with `@testable import`. Widen it to `internal` (a test target using `@testable import` will see it), or lift the logic into a type of its own.
swift-format	seeded	isLastKeyPathComponent(_:)	Sources/SwiftFormat/PrettyPrint/TokenStreamCreator.swift:2066	instance-method	private	fails:missing-receiver:instance-method	missing-receiver:instance-method,todo-generator	declined:access	`TokenStreamCreator.isLastKeyPathComponent(_:)` cannot be called from a test: its enclosing type or extension is `private` or `fileprivate`, so no test can name it — and widening this declaration alone would be a no-op, because the enclosing scope is what blocks it. Widen that scope first, or lift the logic out of it.
swift-format	seeded	areBracesCompletelyEmpty(_:contentsKeyPath:)	Sources/SwiftFormat/PrettyPrint/TokenStreamCreator.swift:3204	instance-method	private	fails:missing-receiver:instance-method	generic-signature,missing-receiver:instance-method,other:consequential	declined:access	`TokenStreamCreator.areBracesCompletelyEmpty(_:contentsKeyPath:)` cannot be called from a test: its enclosing type or extension is `private` or `fileprivate`, so no test can name it — and widening this declaration alone would be a no-op, because the enclosing scope is what blocks it. Widen that scope first, or lift the logic out of it.
swift-format	seeded	startsWithOpenDelimiter(_:)	Sources/SwiftFormat/PrettyPrint/TokenStreamCreator.swift:3840	instance-method	private	fails:missing-receiver:instance-method	missing-receiver:instance-method,todo-generator	declined:access	`TokenStreamCreator.startsWithOpenDelimiter(_:)` cannot be called from a test: its enclosing type or extension is `private` or `fileprivate`, so no test can name it — and widening this declaration alone would be a no-op, because the enclosing scope is what blocks it. Widen that scope first, or lift the logic out of it.
swift-format	seeded	shouldInsertNewline(basedOn:)	Sources/SwiftFormat/PrettyPrint/TokenStreamCreator.swift:3899	instance-method	private	fails:missing-receiver:instance-method	missing-receiver:instance-method,todo-generator	declined:access	`TokenStreamCreator.shouldInsertNewline(basedOn:)` cannot be called from a test: its enclosing type or extension is `private` or `fileprivate`, so no test can name it — and widening this declaration alone would be a no-op, because the enclosing scope is what blocks it. Widen that scope first, or lift the logic out of it.
swift-format	seeded	isAssigningOperator(_:)	Sources/SwiftFormat/PrettyPrint/TokenStreamCreator.swift:3963	instance-method	private	fails:missing-receiver:instance-method	missing-receiver:instance-method,todo-generator	declined:access	`TokenStreamCreator.isAssigningOperator(_:)` cannot be called from a test: its enclosing type or extension is `private` or `fileprivate`, so no test can name it — and widening this declaration alone would be a no-op, because the enclosing scope is what blocks it. Widen that scope first, or lift the logic out of it.
swift-format	seeded	shouldRequireWhitespace(around:)	Sources/SwiftFormat/PrettyPrint/TokenStreamCreator.swift:4208	instance-method	private	fails:missing-receiver:instance-method	missing-receiver:instance-method,todo-generator	declined:access	`TokenStreamCreator.shouldRequireWhitespace(around:)` cannot be called from a test: its enclosing type or extension is `private` or `fileprivate`, so no test can name it — and widening this declaration alone would be a no-op, because the enclosing scope is what blocks it. Widen that scope first, or lift the logic out of it.
swift-format	seeded	isFormatterIgnorePresent(inTrivia:isWholeFile:)	Sources/SwiftFormat/PrettyPrint/TokenStreamCreator.swift:4571	free-function	private	fails:inaccessible	inaccessible,other:consequential,todo-generator	declined:access	`isFormatterIgnorePresent(inTrivia:isWholeFile:)` cannot be called from a test: it is `private` or `fileprivate`, so no test can call it — not even with `@testable import`. Widen it to `internal` (a test target using `@testable import` will see it), or lift the logic into a type of its own.
swift-format	seeded	shouldFormatterIgnore(node:)	Sources/SwiftFormat/PrettyPrint/TokenStreamCreator.swift:4604	free-function	private	fails:inaccessible	inaccessible,todo-generator	declined:access	`shouldFormatterIgnore(node:)` cannot be called from a test: it is `private` or `fileprivate`, so no test can call it — not even with `@testable import`. Widen it to `internal` (a test target using `@testable import` will see it), or lift the logic into a type of its own.
swift-format	seeded	isFormatterIgnored(_:)	Sources/SwiftFormat/PrettyPrint/TokenStreamCreator.swift:4626	free-function	private	fails:inaccessible	inaccessible,todo-generator	declined:access	`isFormatterIgnored(_:)` cannot be called from a test: it is `private` or `fileprivate`, so no test can call it — not even with `@testable import`. Widen it to `internal` (a test target using `@testable import` will see it), or lift the logic into a type of its own.
swift-format	seeded	prettyPrintingLength(maximum:)	Sources/SwiftFormat/PrettyPrint/Verbatim.swift:83	instance-method	internal	fails:missing-receiver:instance-method	missing-receiver:instance-method	fails:gen-frequency-needs-swift6.2-mode	line 26: 'oneOf' is unavailable in Swift; line 32: 'frequency' is unavailable in Swift
swift-format	seeded	numberOfLeadingSpaces(in:)	Sources/SwiftFormat/PrettyPrint/Verbatim.swift:117	free-function	private	fails:inaccessible	inaccessible	declined:access	`numberOfLeadingSpaces(in:)` cannot be called from a test: it is `private` or `fileprivate`, so no test can call it — not even with `@testable import`. Widen it to `internal` (a test target using `@testable import` will see it), or lift the logic into a type of its own.
swift-format	seeded	identifierDescription(for:)	Sources/SwiftFormat/Rules/AlwaysUseLowerCamelCase.swift:203	free-function	private	fails:inaccessible	generic-signature,inaccessible	declined:access	`identifierDescription(for:)` cannot be called from a test: it is `private` or `fileprivate`, so no test can call it — not even with `@testable import`. Widen it to `internal` (a test target using `@testable import` will see it), or lift the logic into a type of its own.
swift-format	seeded	isCodeBlockItem(_:containingStmtType:)	Sources/SwiftFormat/Rules/DoNotUseSemicolons.swift:110	instance-method	private	fails:missing-receiver:instance-method	generic-signature,missing-receiver:instance-method,other:consequential,todo-generator	declined:access	`DoNotUseSemicolons.isCodeBlockItem(_:containingStmtType:)` cannot be called from a test: it is `private` or `fileprivate`, so no test can call it — not even with `@testable import`. Widen it to `internal` (a test target using `@testable import` will see it), or lift the logic into a type of its own.
swift-format	seeded	digits(_:groupedEvery:)	Sources/SwiftFormat/Rules/GroupNumericLiterals.swift:71	instance-method	private	fails:missing-receiver:instance-method	missing-receiver:instance-method,type-check-timeout	declined:access	`GroupNumericLiterals.digits(_:groupedEvery:)` cannot be called from a test: it is `private` or `fileprivate`, so no test can call it — not even with `@testable import`. Widen it to `internal` (a test target using `@testable import` will see it), or lift the logic into a type of its own.
swift-format	seeded	canMergeWithPreviousCases(_:)	Sources/SwiftFormat/Rules/NoCasesWithOnlyFallthrough.swift:91	instance-method	private	fails:missing-receiver:instance-method	missing-receiver:instance-method,todo-generator	declined:access	`NoCasesWithOnlyFallthrough.canMergeWithPreviousCases(_:)` cannot be called from a test: it is `private` or `fileprivate`, so no test can call it — not even with `@testable import`. Widen it to `internal` (a test target using `@testable import` will see it), or lift the logic into a type of its own.
swift-format	seeded	containsValueBindingPattern(_:)	Sources/SwiftFormat/Rules/NoCasesWithOnlyFallthrough.swift:96	instance-method	private	fails:missing-receiver:instance-method	missing-receiver:instance-method,todo-generator	declined:access	`NoCasesWithOnlyFallthrough.containsValueBindingPattern(_:)` cannot be called from a test: it is `private` or `fileprivate`, so no test can call it — not even with `@testable import`. Widen it to `internal` (a test target using `@testable import` will see it), or lift the logic into a type of its own.
swift-format	seeded	isMergeableFallthroughOnly(_:)	Sources/SwiftFormat/Rules/NoCasesWithOnlyFallthrough.swift:122	instance-method	private	fails:missing-receiver:instance-method	missing-receiver:instance-method,todo-generator	declined:access	`NoCasesWithOnlyFallthrough.isMergeableFallthroughOnly(_:)` cannot be called from a test: it is `private` or `fileprivate`, so no test can call it — not even with `@testable import`. Widen it to `internal` (a test target using `@testable import` will see it), or lift the logic into a type of its own.
swift-format	seeded	isLiteralMacroCall(_:matchingLabels:)	Sources/SwiftFormat/Rules/NoPlaygroundLiterals.swift:59	instance-method	private	fails:missing-receiver:instance-method	missing-receiver:instance-method,type-check-timeout	declined:access	`NoPlaygroundLiterals.isLiteralMacroCall(_:matchingLabels:)` cannot be called from a test: it is `private` or `fileprivate`, so no test can call it — not even with `@testable import`. Widen it to `internal` (a test target using `@testable import` will see it), or lift the logic into a type of its own.
swift-format	seeded	codeBlockItemHasMultipleVariableBindings(_:)	Sources/SwiftFormat/Rules/OneVariableDeclarationPerLine.swift:65	instance-method	private	fails:missing-receiver:instance-method	missing-receiver:instance-method,todo-generator	declined:access	`OneVariableDeclarationPerLine.codeBlockItemHasMultipleVariableBindings(_:)` cannot be called from a test: it is `private` or `fileprivate`, so no test can call it — not even with `@testable import`. Widen it to `internal` (a test target using `@testable import` will see it), or lift the logic into a type of its own.
swift-format	seeded	leadingNewlineCount(of:)	Sources/SwiftFormat/Rules/OrderedImports.swift:397	free-function	private	fails:inaccessible	inaccessible,todo-generator	declined:access	`leadingNewlineCount(of:)` cannot be called from a test: it is `private` or `fileprivate`, so no test can call it — not even with `@testable import`. Widen it to `internal` (a test target using `@testable import` will see it), or lift the logic into a type of its own.
swift-format	seeded	importType(of:)	Sources/SwiftFormat/Rules/OrderedImports.swift:662	instance-method	private	fails:missing-receiver:instance-method	missing-receiver:instance-method,todo-generator	declined:access	`Line.importType(of:)` cannot be called from a test: its enclosing type or extension is `private` or `fileprivate`, so no test can name it — and widening this declaration alone would be a no-op, because the enclosing scope is what blocks it. Widen that scope first, or lift the logic out of it.
swift-format	seeded	hasNonWhitespaceTrivia(_:at:)	Sources/SwiftFormat/Rules/ReturnVoidInsteadOfEmptyTuple.swift:98	instance-method	private	fails:missing-receiver:instance-method	missing-receiver:instance-method,other:consequential,todo-generator	declined:access	`ReturnVoidInsteadOfEmptyTuple.hasNonWhitespaceTrivia(_:at:)` cannot be called from a test: it is `private` or `fileprivate`, so no test can call it — not even with `@testable import`. Widen it to `internal` (a test target using `@testable import` will see it), or lift the logic into a type of its own.
swift-format	seeded	codeBlockEndsWithEarlyExit(_:)	Sources/SwiftFormat/Rules/UseEarlyExits.swift:94	instance-method	private	fails:missing-receiver:instance-method	missing-receiver:instance-method,todo-generator	declined:access	`UseEarlyExits.codeBlockEndsWithEarlyExit(_:)` cannot be called from a test: it is `private` or `fileprivate`, so no test can call it — not even with `@testable import`. Widen it to `internal` (a test target using `@testable import` will see it), or lift the logic into a type of its own.
swift-format	seeded	isDiscardedAssignmentPattern(_:)	Sources/SwiftFormat/Rules/UseExplicitNilCheckInConditions.swift:72	instance-method	private	fails:missing-receiver:instance-method	missing-receiver:instance-method,todo-generator	declined:access	`UseExplicitNilCheckInConditions.isDiscardedAssignmentPattern(_:)` cannot be called from a test: it is `private` or `fileprivate`, so no test can call it — not even with `@testable import`. Widen it to `internal` (a test target using `@testable import` will see it), or lift the logic into a type of its own.
swift-format	seeded	synthesizedInitAccessLevel(using:)	Sources/SwiftFormat/Rules/UseSynthesizedInitializer.swift:217	free-function	private	fails:inaccessible	inaccessible,todo-generator,type-not-in-scope:private-type	declined:access	`synthesizedInitAccessLevel(using:)` cannot be called from a test: it is `private` or `fileprivate`, so no test can call it — not even with `@testable import`. Widen it to `internal` (a test target using `@testable import` will see it), or lift the logic into a type of its own.
swift-format	seeded	funcParametersIdentifiers(in:)	Sources/SwiftFormat/Rules/ValidateDocumentationComments.swift:153	free-function	private	fails:inaccessible	inaccessible,todo-generator	declined:access	`funcParametersIdentifiers(in:)` cannot be called from a test: it is `private` or `fileprivate`, so no test can call it — not even with `@testable import`. Widen it to `internal` (a test target using `@testable import` will see it), or lift the logic into a type of its own.
swift-format	seeded	parametersAreEqual(params:funcParam:)	Sources/SwiftFormat/Rules/ValidateDocumentationComments.swift:167	free-function	private	fails:inaccessible	inaccessible,type-check-timeout,type-not-in-scope:spi-type	declined:access	`parametersAreEqual(params:funcParam:)` cannot be called from a test: it is `private` or `fileprivate`, so no test can call it — not even with `@testable import`. Widen it to `internal` (a test target using `@testable import` will see it), or lift the logic into a type of its own.
swift-format	seeded	matches(_:isDirectory:)	Sources/SwiftFormat/Utilities/GitIgnorePattern.swift:91	instance-method	public	fails:missing-receiver:instance-method	missing-receiver:instance-method,type-check-timeout	declined:generator	no generator derives for `GitIgnorePattern` (Cannot derive a generator for `GitIgnorePattern`: the type's user `init(...)` declarations don't support derivation — each is failable, throwing, access-restricted, parameterless, over 100 parameters, or unsafe to call with independently drawn arguments (a capacity hint, a private-storage label, or a stated precondition). Provide `static func gen() -> Generator<GitIgnorePattern, some SendableSequenceType>`.), so the oracle cannot draw its receiver — supply `static func gen()` on `GitIgnorePattern`, then re-run discover
swift-format	unseeded	hasAttribute(_:inModule:)	Sources/SwiftFormat/Core/Attributes+Convenience.swift:22	instance-method	internal	fails:missing-receiver:instance-method	missing-receiver:instance-method,type-check-timeout	declined:generator	no generator derives for `WithAttributesSyntax` (`WithAttributesSyntax` is not among the scanned types), so the oracle cannot draw its receiver — `WithAttributesSyntax` is not a concrete type the scanned sources declare, so there is no declaration to give a `static func gen()`; write this check by hand
swift-format	unseeded	isAttribute(named:inModule:)	Sources/SwiftFormat/Core/Attributes+Convenience.swift:33	instance-method	internal	fails:missing-receiver:instance-method	missing-receiver:instance-method,type-check-timeout	declined:generator	no generator derives for `AttributeSyntax` (`AttributeSyntax` is not among the scanned types), so the oracle cannot draw its receiver — `AttributeSyntax` is not a concrete type the scanned sources declare, so there is no declaration to give a `static func gen()`; write this check by hand
swift-format	unseeded	indentationDistance(of:)	Sources/SwiftFormat/Core/DocumentationCommentText.swift:157	free-function	private	fails:inaccessible	inaccessible	declined:access	`indentationDistance(of:)` cannot be called from a test: it is `private` or `fileprivate`, so no test can call it — not even with `@testable import`. Widen it to `internal` (a test target using `@testable import` will see it), or lift the logic into a type of its own.
swift-format	unseeded	contains(anyOf:)	Sources/SwiftFormat/Core/ModifierListSyntax+Convenience.swift:31	instance-method	internal	fails:missing-receiver:instance-method	missing-receiver:instance-method,todo-generator	declined:generator	no generator derives for `DeclModifierListSyntax` (`DeclModifierListSyntax` is not among the scanned types), so the oracle cannot draw its receiver — `DeclModifierListSyntax` is not a concrete type the scanned sources declare, so there is no declaration to give a `static func gen()`; write this check by hand
swift-format	unseeded	removing(anyOf:)	Sources/SwiftFormat/Core/ModifierListSyntax+Convenience.swift:51	instance-method	internal	fails:missing-receiver:instance-method	missing-receiver:instance-method,todo-generator	declined:generator	no generator derives for `DeclModifierListSyntax` (`DeclModifierListSyntax` is not among the scanned types), so the oracle cannot draw its receiver — `DeclModifierListSyntax` is not a concrete type the scanned sources declare, so there is no declaration to give a `static func gen()`; write this check by hand
swift-format	unseeded	parseAndEmitDiagnostics(source:operatorTable:assumingFileURL:experimentalFeatures:parsingDiagnosticHandler:)	Sources/SwiftFormat/Core/Parsing.swift:39	free-function	internal	fails:type-check-timeout	todo-generator,type-ambiguous,type-check-timeout	declined:plan	parseAndEmitDiagnostics(source:operatorTable:assumingFileURL:experimentalFeatures:parsingDiagnosticHandler:) takes a function-typed parameter (`((Diagnostic, SourceLocation) -> Void)?`), and no generator draws a function
swift-format	unseeded	contains(_:)	Sources/SwiftFormat/Core/RuleMask.swift:93	instance-method	fileprivate	fails:missing-receiver:instance-method	missing-receiver:instance-method,todo-generator,type-ambiguous	declined:access	`SourceRange.contains(_:)` cannot be called from a test: it is `private` or `fileprivate`, so no test can call it — not even with `@testable import`. Widen it to `internal` (a test target using `@testable import` will see it), or lift the logic into a type of its own.
swift-format	unseeded	isWhitespace(_:)	Sources/SwiftFormat/Core/Trivia+Convenience.swift:42	static-member	private	fails:bare-call:static-member	bare-call:static-member,todo-generator	declined:access	`Trivia.isWhitespace(_:)` cannot be called from a test: it is `private` or `fileprivate`, so no test can call it — not even with `@testable import`. Widen it to `internal` (a test target using `@testable import` will see it), or lift the logic into a type of its own.
swift-format	unseeded	isLastKeyPathComponent(_:)	Sources/SwiftFormat/PrettyPrint/TokenStreamCreator.swift:2066	instance-method	private	fails:missing-receiver:instance-method	missing-receiver:instance-method,todo-generator	declined:access	`TokenStreamCreator.isLastKeyPathComponent(_:)` cannot be called from a test: its enclosing type or extension is `private` or `fileprivate`, so no test can name it — and widening this declaration alone would be a no-op, because the enclosing scope is what blocks it. Widen that scope first, or lift the logic out of it.
swift-format	unseeded	areBracesCompletelyEmpty(_:contentsKeyPath:)	Sources/SwiftFormat/PrettyPrint/TokenStreamCreator.swift:3204	instance-method	private	fails:missing-receiver:instance-method	generic-signature,missing-receiver:instance-method,other:consequential	declined:access	`TokenStreamCreator.areBracesCompletelyEmpty(_:contentsKeyPath:)` cannot be called from a test: its enclosing type or extension is `private` or `fileprivate`, so no test can name it — and widening this declaration alone would be a no-op, because the enclosing scope is what blocks it. Widen that scope first, or lift the logic out of it.
swift-format	unseeded	isDiscretionaryNewlineAllowed(before:)	Sources/SwiftFormat/PrettyPrint/TokenStreamCreator.swift:3708	instance-method	private	fails:missing-receiver:instance-method	missing-receiver:instance-method,todo-generator	declined:access	`TokenStreamCreator.isDiscretionaryNewlineAllowed(before:)` cannot be called from a test: its enclosing type or extension is `private` or `fileprivate`, so no test can name it — and widening this declaration alone would be a no-op, because the enclosing scope is what blocks it. Widen that scope first, or lift the logic out of it.
swift-format	unseeded	startsWithOpenDelimiter(_:)	Sources/SwiftFormat/PrettyPrint/TokenStreamCreator.swift:3840	instance-method	private	fails:missing-receiver:instance-method	missing-receiver:instance-method,todo-generator	declined:access	`TokenStreamCreator.startsWithOpenDelimiter(_:)` cannot be called from a test: its enclosing type or extension is `private` or `fileprivate`, so no test can name it — and widening this declaration alone would be a no-op, because the enclosing scope is what blocks it. Widen that scope first, or lift the logic out of it.
swift-format	unseeded	shouldInsertNewline(basedOn:)	Sources/SwiftFormat/PrettyPrint/TokenStreamCreator.swift:3899	instance-method	private	fails:missing-receiver:instance-method	missing-receiver:instance-method,todo-generator	declined:access	`TokenStreamCreator.shouldInsertNewline(basedOn:)` cannot be called from a test: its enclosing type or extension is `private` or `fileprivate`, so no test can name it — and widening this declaration alone would be a no-op, because the enclosing scope is what blocks it. Widen that scope first, or lift the logic out of it.
swift-format	unseeded	isAssigningOperator(_:)	Sources/SwiftFormat/PrettyPrint/TokenStreamCreator.swift:3963	instance-method	private	fails:missing-receiver:instance-method	missing-receiver:instance-method,todo-generator	declined:access	`TokenStreamCreator.isAssigningOperator(_:)` cannot be called from a test: its enclosing type or extension is `private` or `fileprivate`, so no test can name it — and widening this declaration alone would be a no-op, because the enclosing scope is what blocks it. Widen that scope first, or lift the logic out of it.
swift-format	unseeded	leftmostMultilineStringLiteral(of:)	Sources/SwiftFormat/PrettyPrint/TokenStreamCreator.swift:4048	instance-method	private	fails:missing-receiver:instance-method	missing-receiver:instance-method,todo-generator	declined:access	`TokenStreamCreator.leftmostMultilineStringLiteral(of:)` cannot be called from a test: its enclosing type or extension is `private` or `fileprivate`, so no test can name it — and widening this declaration alone would be a no-op, because the enclosing scope is what blocks it. Widen that scope first, or lift the logic out of it.
swift-format	unseeded	shouldRequireWhitespace(around:)	Sources/SwiftFormat/PrettyPrint/TokenStreamCreator.swift:4208	instance-method	private	fails:missing-receiver:instance-method	missing-receiver:instance-method,todo-generator	declined:access	`TokenStreamCreator.shouldRequireWhitespace(around:)` cannot be called from a test: its enclosing type or extension is `private` or `fileprivate`, so no test can name it — and widening this declaration alone would be a no-op, because the enclosing scope is what blocks it. Widen that scope first, or lift the logic out of it.
swift-format	unseeded	isFormatterIgnorePresent(inTrivia:isWholeFile:)	Sources/SwiftFormat/PrettyPrint/TokenStreamCreator.swift:4571	free-function	private	fails:inaccessible	inaccessible,other:consequential,todo-generator	declined:access	`isFormatterIgnorePresent(inTrivia:isWholeFile:)` cannot be called from a test: it is `private` or `fileprivate`, so no test can call it — not even with `@testable import`. Widen it to `internal` (a test target using `@testable import` will see it), or lift the logic into a type of its own.
swift-format	unseeded	shouldFormatterIgnore(node:)	Sources/SwiftFormat/PrettyPrint/TokenStreamCreator.swift:4604	free-function	private	fails:inaccessible	inaccessible,todo-generator	declined:access	`shouldFormatterIgnore(node:)` cannot be called from a test: it is `private` or `fileprivate`, so no test can call it — not even with `@testable import`. Widen it to `internal` (a test target using `@testable import` will see it), or lift the logic into a type of its own.
swift-format	unseeded	isFormatterIgnored(_:)	Sources/SwiftFormat/PrettyPrint/TokenStreamCreator.swift:4626	free-function	private	fails:inaccessible	inaccessible,todo-generator	declined:access	`isFormatterIgnored(_:)` cannot be called from a test: it is `private` or `fileprivate`, so no test can call it — not even with `@testable import`. Widen it to `internal` (a test target using `@testable import` will see it), or lift the logic into a type of its own.
swift-format	unseeded	prettyPrintingLength(maximum:)	Sources/SwiftFormat/PrettyPrint/Verbatim.swift:83	instance-method	internal	fails:missing-receiver:instance-method	missing-receiver:instance-method	fails:gen-frequency-needs-swift6.2-mode	line 26: 'oneOf' is unavailable in Swift; line 32: 'frequency' is unavailable in Swift
swift-format	unseeded	numberOfLeadingSpaces(in:)	Sources/SwiftFormat/PrettyPrint/Verbatim.swift:117	free-function	private	fails:inaccessible	inaccessible	declined:access	`numberOfLeadingSpaces(in:)` cannot be called from a test: it is `private` or `fileprivate`, so no test can call it — not even with `@testable import`. Widen it to `internal` (a test target using `@testable import` will see it), or lift the logic into a type of its own.
swift-format	unseeded	isCodeBlockItem(_:containingStmtType:)	Sources/SwiftFormat/Rules/DoNotUseSemicolons.swift:110	instance-method	private	fails:missing-receiver:instance-method	generic-signature,missing-receiver:instance-method,other:consequential,todo-generator	declined:access	`DoNotUseSemicolons.isCodeBlockItem(_:containingStmtType:)` cannot be called from a test: it is `private` or `fileprivate`, so no test can call it — not even with `@testable import`. Widen it to `internal` (a test target using `@testable import` will see it), or lift the logic into a type of its own.
swift-format	unseeded	rewrittenCodeBlockItems(_:)	Sources/SwiftFormat/Rules/FileScopedDeclarationPrivacy.swift:38	instance-method	private	fails:missing-receiver:instance-method	missing-receiver:instance-method,todo-generator	declined:access	`FileScopedDeclarationPrivacy.rewrittenCodeBlockItems(_:)` cannot be called from a test: it is `private` or `fileprivate`, so no test can call it — not even with `@testable import`. Widen it to `internal` (a test target using `@testable import` will see it), or lift the logic into a type of its own.
swift-format	unseeded	rewrittenIfConfigDecl(_:)	Sources/SwiftFormat/Rules/FileScopedDeclarationPrivacy.swift:94	instance-method	private	fails:missing-receiver:instance-method	missing-receiver:instance-method,todo-generator	declined:access	`FileScopedDeclarationPrivacy.rewrittenIfConfigDecl(_:)` cannot be called from a test: it is `private` or `fileprivate`, so no test can call it — not even with `@testable import`. Widen it to `internal` (a test target using `@testable import` will see it), or lift the logic into a type of its own.
swift-format	unseeded	rewrittenDecl(_:)	Sources/SwiftFormat/Rules/FileScopedDeclarationPrivacy.swift:123	instance-method	private	fails:missing-receiver:instance-method	generic-signature,missing-receiver:instance-method	declined:access	`FileScopedDeclarationPrivacy.rewrittenDecl(_:)` cannot be called from a test: it is `private` or `fileprivate`, so no test can call it — not even with `@testable import`. Widen it to `internal` (a test target using `@testable import` will see it), or lift the logic into a type of its own.
swift-format	unseeded	isAssignmentExpression(_:)	Sources/SwiftFormat/Rules/NoAssignmentInExpressions.swift:103	instance-method	private	fails:missing-receiver:instance-method	missing-receiver:instance-method,todo-generator	declined:access	`NoAssignmentInExpressions.isAssignmentExpression(_:)` cannot be called from a test: it is `private` or `fileprivate`, so no test can call it — not even with `@testable import`. Widen it to `internal` (a test target using `@testable import` will see it), or lift the logic into a type of its own.
swift-format	unseeded	isStandaloneAssignmentStatement(_:)	Sources/SwiftFormat/Rules/NoAssignmentInExpressions.swift:127	instance-method	private	fails:missing-receiver:instance-method	missing-receiver:instance-method,todo-generator	declined:access	`NoAssignmentInExpressions.isStandaloneAssignmentStatement(_:)` cannot be called from a test: it is `private` or `fileprivate`, so no test can call it — not even with `@testable import`. Widen it to `internal` (a test target using `@testable import` will see it), or lift the logic into a type of its own.
swift-format	unseeded	isInfixOperatorWithUnknownPrecedence(_:)	Sources/SwiftFormat/Rules/NoAssignmentInExpressions.swift:149	instance-method	private	fails:missing-receiver:instance-method	missing-receiver:instance-method,todo-generator	declined:access	`NoAssignmentInExpressions.isInfixOperatorWithUnknownPrecedence(_:)` cannot be called from a test: it is `private` or `fileprivate`, so no test can call it — not even with `@testable import`. Widen it to `internal` (a test target using `@testable import` will see it), or lift the logic into a type of its own.
swift-format	unseeded	isInAllowedFunction(_:)	Sources/SwiftFormat/Rules/NoAssignmentInExpressions.swift:160	instance-method	private	fails:missing-receiver:instance-method	missing-receiver:instance-method,todo-generator	declined:access	`NoAssignmentInExpressions.isInAllowedFunction(_:)` cannot be called from a test: it is `private` or `fileprivate`, so no test can call it — not even with `@testable import`. Widen it to `internal` (a test target using `@testable import` will see it), or lift the logic into a type of its own.
swift-format	unseeded	canMergeWithPreviousCases(_:)	Sources/SwiftFormat/Rules/NoCasesWithOnlyFallthrough.swift:91	instance-method	private	fails:missing-receiver:instance-method	missing-receiver:instance-method,todo-generator	declined:access	`NoCasesWithOnlyFallthrough.canMergeWithPreviousCases(_:)` cannot be called from a test: it is `private` or `fileprivate`, so no test can call it — not even with `@testable import`. Widen it to `internal` (a test target using `@testable import` will see it), or lift the logic into a type of its own.
swift-format	unseeded	containsValueBindingPattern(_:)	Sources/SwiftFormat/Rules/NoCasesWithOnlyFallthrough.swift:96	instance-method	private	fails:missing-receiver:instance-method	missing-receiver:instance-method,todo-generator	declined:access	`NoCasesWithOnlyFallthrough.containsValueBindingPattern(_:)` cannot be called from a test: it is `private` or `fileprivate`, so no test can call it — not even with `@testable import`. Widen it to `internal` (a test target using `@testable import` will see it), or lift the logic into a type of its own.
swift-format	unseeded	isMergeableFallthroughOnly(_:)	Sources/SwiftFormat/Rules/NoCasesWithOnlyFallthrough.swift:122	instance-method	private	fails:missing-receiver:instance-method	missing-receiver:instance-method,todo-generator	declined:access	`NoCasesWithOnlyFallthrough.isMergeableFallthroughOnly(_:)` cannot be called from a test: it is `private` or `fileprivate`, so no test can call it — not even with `@testable import`. Widen it to `internal` (a test target using `@testable import` will see it), or lift the logic into a type of its own.
swift-format	unseeded	isLiteralMacroCall(_:matchingLabels:)	Sources/SwiftFormat/Rules/NoPlaygroundLiterals.swift:59	instance-method	private	fails:missing-receiver:instance-method	missing-receiver:instance-method,type-check-timeout	declined:access	`NoPlaygroundLiterals.isLiteralMacroCall(_:matchingLabels:)` cannot be called from a test: it is `private` or `fileprivate`, so no test can call it — not even with `@testable import`. Widen it to `internal` (a test target using `@testable import` will see it), or lift the logic into a type of its own.
swift-format	unseeded	removingReturnClause(from:)	Sources/SwiftFormat/Rules/NoVoidReturnOnFunctionSignature.swift:45	instance-method	private	fails:missing-receiver:instance-method	missing-receiver:instance-method,todo-generator	declined:access	`NoVoidReturnOnFunctionSignature.removingReturnClause(from:)` cannot be called from a test: it is `private` or `fileprivate`, so no test can call it — not even with `@testable import`. Widen it to `internal` (a test target using `@testable import` will see it), or lift the logic into a type of its own.
swift-format	unseeded	codeBlockItemHasMultipleVariableBindings(_:)	Sources/SwiftFormat/Rules/OneVariableDeclarationPerLine.swift:65	instance-method	private	fails:missing-receiver:instance-method	missing-receiver:instance-method,todo-generator	declined:access	`OneVariableDeclarationPerLine.codeBlockItemHasMultipleVariableBindings(_:)` cannot be called from a test: it is `private` or `fileprivate`, so no test can call it — not even with `@testable import`. Widen it to `internal` (a test target using `@testable import` will see it), or lift the logic into a type of its own.
swift-format	unseeded	leadingNewlineCount(of:)	Sources/SwiftFormat/Rules/OrderedImports.swift:397	free-function	private	fails:inaccessible	inaccessible,todo-generator	declined:access	`leadingNewlineCount(of:)` cannot be called from a test: it is `private` or `fileprivate`, so no test can call it — not even with `@testable import`. Widen it to `internal` (a test target using `@testable import` will see it), or lift the logic into a type of its own.
swift-format	unseeded	hasNonWhitespaceTrivia(_:at:)	Sources/SwiftFormat/Rules/ReturnVoidInsteadOfEmptyTuple.swift:98	instance-method	private	fails:missing-receiver:instance-method	missing-receiver:instance-method,other:consequential,todo-generator	declined:access	`ReturnVoidInsteadOfEmptyTuple.hasNonWhitespaceTrivia(_:at:)` cannot be called from a test: it is `private` or `fileprivate`, so no test can call it — not even with `@testable import`. Widen it to `internal` (a test target using `@testable import` will see it), or lift the logic into a type of its own.
swift-format	unseeded	codeBlockEndsWithEarlyExit(_:)	Sources/SwiftFormat/Rules/UseEarlyExits.swift:94	instance-method	private	fails:missing-receiver:instance-method	missing-receiver:instance-method,todo-generator	declined:access	`UseEarlyExits.codeBlockEndsWithEarlyExit(_:)` cannot be called from a test: it is `private` or `fileprivate`, so no test can call it — not even with `@testable import`. Widen it to `internal` (a test target using `@testable import` will see it), or lift the logic into a type of its own.
swift-format	unseeded	isDiscardedAssignmentPattern(_:)	Sources/SwiftFormat/Rules/UseExplicitNilCheckInConditions.swift:72	instance-method	private	fails:missing-receiver:instance-method	missing-receiver:instance-method,todo-generator	declined:access	`UseExplicitNilCheckInConditions.isDiscardedAssignmentPattern(_:)` cannot be called from a test: it is `private` or `fileprivate`, so no test can call it — not even with `@testable import`. Widen it to `internal` (a test target using `@testable import` will see it), or lift the logic into a type of its own.
swift-format	unseeded	addingParenthesesIfNecessary(to:)	Sources/SwiftFormat/Rules/UseExplicitNilCheckInConditions.swift:84	instance-method	private	fails:missing-receiver:instance-method	missing-receiver:instance-method,todo-generator	declined:access	`UseExplicitNilCheckInConditions.addingParenthesesIfNecessary(to:)` cannot be called from a test: it is `private` or `fileprivate`, so no test can call it — not even with `@testable import`. Widen it to `internal` (a test target using `@testable import` will see it), or lift the logic into a type of its own.
swift-format	unseeded	convertDocBlockCommentToDocLineComment(_:)	Sources/SwiftFormat/Rules/UseTripleSlashForDocumentationComments.swift:75	instance-method	private	fails:missing-receiver:instance-method	missing-receiver:instance-method,todo-generator	declined:access	`UseTripleSlashForDocumentationComments.convertDocBlockCommentToDocLineComment(_:)` cannot be called from a test: it is `private` or `fileprivate`, so no test can call it — not even with `@testable import`. Widen it to `internal` (a test target using `@testable import` will see it), or lift the logic into a type of its own.
swift-format	unseeded	parametersAreEqual(params:funcParam:)	Sources/SwiftFormat/Rules/ValidateDocumentationComments.swift:167	free-function	private	fails:inaccessible	inaccessible,type-check-timeout,type-not-in-scope:spi-type	declined:access	`parametersAreEqual(params:funcParam:)` cannot be called from a test: it is `private` or `fileprivate`, so no test can call it — not even with `@testable import`. Widen it to `internal` (a test target using `@testable import` will see it), or lift the logic into a type of its own.
swift-format	unseeded	matches(_:isDirectory:)	Sources/SwiftFormat/Utilities/GitIgnorePattern.swift:91	instance-method	public	fails:missing-receiver:instance-method	missing-receiver:instance-method,type-check-timeout	declined:generator	no generator derives for `GitIgnorePattern` (Cannot derive a generator for `GitIgnorePattern`: the type's user `init(...)` declarations don't support derivation — each is failable, throwing, access-restricted, parameterless, over 100 parameters, or unsafe to call with independently drawn arguments (a capacity hint, a private-storage label, or a stated precondition). Provide `static func gen() -> Generator<GitIgnorePattern, some SendableSequenceType>`.), so the oracle cannot draw its receiver — supply `static func gen()` on `GitIgnorePattern`, then re-run discover
