swift-collections	idempotence	~/GitHub_projects/swift-collections/Sources/RopeModule/BigString/Basics/BigString+Index.swift:107 BigString.Index._clearUTF16TrailingSurrogate() ; GEN GeneratorMetadata(source: SwiftInferCore.GeneratorMetadata.Source.derivedInitializer, confidence: Optional(SwiftInferCore.GeneratorMetadata.Confidence.medium), sampling: SwiftInferCore.GeneratorMetadata.SamplingResult.notRun) ; RECIPES []
	swift-collections	idempotence	~/GitHub_projects/swift-collections/Sources/RopeModule/BigString/Basics/BigString+Index.swift:107 BigString.Index._clearUTF16TrailingSurrogate() ; GEN GeneratorMetadata(source: SwiftInferCore.GeneratorMetadata.Source.todo, confidence: nil, sampling: SwiftInferCore.GeneratorMetadata.SamplingResult.notRun) ; RECIPES []
swift-collections	predicate	~/GitHub_projects/swift-collections/Sources/RopeModule/BigString/Conformances/BigString+Sequence.swift:228 isAbove(_:) ; GEN GeneratorMetadata(source: SwiftInferCore.GeneratorMetadata.Source.derivedInitializer, confidence: Optional(SwiftInferCore.GeneratorMetadata.Confidence.medium), sampling: SwiftInferCore.GeneratorMetadata.SamplingResult.notRun) ; RECIPES []
	swift-collections	predicate	~/GitHub_projects/swift-collections/Sources/RopeModule/BigString/Conformances/BigString+Sequence.swift:228 isAbove(_:) ; GEN GeneratorMetadata(source: SwiftInferCore.GeneratorMetadata.Source.todo, confidence: nil, sampling: SwiftInferCore.GeneratorMetadata.SamplingResult.notRun) ; RECIPES []
swift-collections	predicate	~/GitHub_projects/swift-collections/Sources/RopeModule/BigString/Conformances/BigString+Sequence.swift:232 isBelow(_:) ; GEN GeneratorMetadata(source: SwiftInferCore.GeneratorMetadata.Source.derivedInitializer, confidence: Optional(SwiftInferCore.GeneratorMetadata.Confidence.medium), sampling: SwiftInferCore.GeneratorMetadata.SamplingResult.notRun) ; RECIPES []
	swift-collections	predicate	~/GitHub_projects/swift-collections/Sources/RopeModule/BigString/Conformances/BigString+Sequence.swift:232 isBelow(_:) ; GEN GeneratorMetadata(source: SwiftInferCore.GeneratorMetadata.Source.todo, confidence: nil, sampling: SwiftInferCore.GeneratorMetadata.SamplingResult.notRun) ; RECIPES []
swift-nio	predicate	~/GitHub_projects/swift-nio/Sources/NIOCore/MarkedCircularBuffer.swift:98 isMarked(index:) ; GEN GeneratorMetadata(source: SwiftInferCore.GeneratorMetadata.Source.derivedComposite, confidence: Optional(SwiftInferCore.GeneratorMetadata.Confidence.high), sampling: SwiftInferCore.GeneratorMetadata.SamplingResult.notRun) ; RECIPES []
	swift-nio	predicate	~/GitHub_projects/swift-nio/Sources/NIOCore/MarkedCircularBuffer.swift:98 isMarked(index:) ; GEN GeneratorMetadata(source: SwiftInferCore.GeneratorMetadata.Source.notYetComputed, confidence: nil, sampling: SwiftInferCore.GeneratorMetadata.SamplingResult.notRun) ; RECIPES []
swift-syntax	idempotence	~/GitHub_projects/swift-syntax/Sources/SwiftSyntax/generated/SyntaxRewriter.swift:98 visit(_:) ; GEN GeneratorMetadata(source: SwiftInferCore.GeneratorMetadata.Source.derivedInitializer, confidence: Optional(SwiftInferCore.GeneratorMetadata.Confidence.medium), sampling: SwiftInferCore.GeneratorMetadata.SamplingResult.notRun) ; RECIPES []
	swift-syntax	idempotence	~/GitHub_projects/swift-syntax/Sources/SwiftSyntax/generated/SyntaxRewriter.swift:98 visit(_:) ; GEN GeneratorMetadata(source: SwiftInferCore.GeneratorMetadata.Source.todo, confidence: nil, sampling: SwiftInferCore.GeneratorMetadata.SamplingResult.notRun) ; RECIPES []
